[
  {
    "name": "Don't adjust",
    "dec": "0"
  },
  {
    "name": "550 uV",
    "dec": "550000",
    "color": "Red"
  },
  {
    "name": "555 uV",
    "dec": "555000",
    "color": "Red"
  },
  {
    "name": "560 uV",
    "dec": "560000",
    "color": "Red"
  },
  {
    "name": "565 uV",
    "dec": "565000",
    "color": "Red"
  },
  {
    "name": "570 uV",
    "dec": "570000",
    "color": "Orange"
  },
  {
    "name": "575 uV",
    "dec": "575000",
    "color": "Orange"
  },
  {
    "name": "580 uV",
    "dec": "580000",
    "color": "Orange"
  },
  {
    "name": "585 uV",
    "dec": "585000",
    "color": "Orange"
  },
  {
    "name": "590 uV",
    "dec": "590000",
    "color": "Orange"
  },
  {
    "name": "595 uV",
    "dec": "595000",
    "color": "Orange"
  },
  {
    "name": "600 uV - Default",
    "dec": "600000"
  },
  {
    "name": "605 uV",
    "dec": "605000"
  },
  {
    "name": "610 uV",
    "dec": "610000"
  },
  {
    "name": "615 uV",
    "dec": "615000"
  },
  {
    "name": "620 uV",
    "dec": "620000"
  },
  {
    "name": "625 uV",
    "dec": "625000"
  },
  {
    "name": "630 uV",
    "dec": "630000"
  },
  {
    "name": "635 uV",
    "dec": "635000"
  },
  {
    "name": "640 uV",
    "dec": "640000"
  },
  {
    "name": "645 uV",
    "dec": "645000"
  },
  {
    "name": "650 uV",
    "dec": "650000"
  }
]