[
  {
    "name": "Don't adjust",
    "dec": "0",
    "comm": "hex-by-cust-offset",
    "hex": "000000"
  },
  {
    "name": "1050 uV",
    "dec": "1050000"
  },
  {
    "name": "1062 uV",
    "dec": "1062500"
  },
  {
    "name": "1075 uV",
    "dec": "1075000"
  },
  {
    "name": "1087 uV",
    "dec": "1087500"
  },
  {
    "name": "1100 uV - Default",
    "dec": "1100000"
  },
  {
    "name": "1112 uV",
    "dec": "1112500"
  },
  {
    "name": "1125 uV",
    "dec": "1125000"
  },
  {
    "name": "1137 uV",
    "dec": "1137500"
  },
  {
    "name": "1150 uV",
    "dec": "1150000"
  },
  {
    "name": "1162 uV",
    "dec": "1162500"
  },
  {
    "name": "1175 uV",
    "dec": "1175000"
  },
  {
    "name": "1187 uV",
    "dec": "1187500"
  },
  {
    "name": "1200 uV",
    "dec": "1200000"
  },
  {
    "name": "1212 uV",
    "dec": "1212500"
  }
]