[
    {
        "name": "725 mV",
        "hex": "D502"
    },
    {
        "name": "730 mV",
        "hex": "DA02"
    },
    {
        "name": "735 mV",
        "hex": "DF02"
    },
    {
        "name": "740 mV",
        "hex": "E402"
    },
    {
        "name": "745 mV",
        "hex": "E902"
    },
    {
        "name": "750 mV",
        "hex": "EE02"
    },
    {
        "name": "755 mV",
        "hex": "F302"
    },
    {
        "name": "760 mV",
        "hex": "F802"
    },
    {
        "name": "765 mV",
        "hex": "FD02"
    },
    {
        "name": "770 mV",
        "hex": "0203"
    },
    {
        "name": "775 mV",
        "hex": "0703"
    },
    {
        "name": "780 mV",
        "hex": "0C03"
    },
    {
        "name": "785 mV",
        "hex": "1103"
    },
    {
        "name": "790 mV",
        "hex": "1603"
    },
    {
        "name": "795 mV",
        "hex": "1B03"
    },
    {
        "name": "800 mV",
        "hex": "2003"
    },
    {
        "name": "805 mV",
        "hex": "2503"
    },
    {
        "name": "810 mV",
        "hex": "2A03"
    },
    {
        "name": "815 mV",
        "hex": "2F03"
    },
    {
        "name": "820 mV",
        "hex": "3403"
    },
    {
        "name": "825 mV",
        "hex": "3903"
    },
    {
        "name": "830 mV",
        "hex": "3E03"
    },
    {
        "name": "835 mV",
        "hex": "4303"
    },
    {
        "name": "840 mV",
        "hex": "4803"
    },
    {
        "name": "845 mV",
        "hex": "4D03"
    },
    {
        "name": "850 mV",
        "hex": "5203"
    }
]
