[
    {
        "name": "720 mV",
        "label": "720 mV",
        "hex": "D002"
    },
    {
        "name": "725 mV",
        "label": "725 mV",
        "hex": "D502"
    },
    {
        "name": "730 mV",
        "label": "730 mV",
        "hex": "DA02"
    },
    {
        "name": "735 mV",
        "label": "735 mV",
        "hex": "DF02"
    },
    {
        "name": "740 mV",
        "label": "740 mV",
        "hex": "E402"
    },
    {
        "name": "745 mV",
        "label": "745 mV",
        "hex": "E902"
    },
    {
        "name": "750 mV",
        "label": "750 mV",
        "hex": "EE02"
    },
    {
        "name": "755 mV",
        "label": "755 mV",
        "hex": "F302"
    },
    {
        "name": "760 mV",
        "name": "760 mV",
        "hex": "F802"
    },
    {
        "name": "765 mV",
        "label": "765 mV",
        "hex": "FD02"
    },
    {
        "name": "770 mV",
        "label": "770 mV",
        "hex": "0203"
    },
    {
        "name": "775 mV",
        "label": "775 mV",
        "hex": "0703"
    },
    {
        "name": "780 mV",
        "label": "780 mV",
        "hex": "0C03"
    },
    {
        "name": "785 mV",
        "label": "785 mV",
        "hex": "1103"
    },
    {
        "name": "790 mV",
        "label": "790 mV",
        "hex": "1603"
    },
    {
        "name": "795 mV",
        "label": "795 mV",
        "hex": "1B03"
    },
    {
        "name": "800 mV",
        "label": "800 mV",
        "hex": "2003"
    },
    {
        "name": "805 mV",
        "label": "805 mV",
        "hex": "2503"
    },
    {
        "name": "810 mV",
        "label": "810 mV - default",
        "hex": "2A03"
    }
]
