[
    {
        "name": "1734 MHz",
        "label": "1734 MHz",
        "hex": "00771A"
    },
    {
        "name": "1801 MHz",
        "label": "1800 MHz",
        "hex": "807D1B"
    },
    {
        "name": "1865 MHz",
        "label": "1865 MHz - JEDEC",
        "hex": "80771C"
    },
    {
        "name": "1900 MHz",
        "label": "1900 MHz",
        "hex": "00011D"
    },
    {
        "name": "1932 MHz",
        "label": "1932 MHz",
        "hex": "007E1D"
    },
    {
        "name": "1964 MHz",
        "label": "1964 MHz",
        "hex": "00FB1D"
    },
    {
        "name": "2000 MHz",
        "label": "2000 MHz",
        "hex": "80841E"
    },
    {
        "name": "2032 MHz",
        "label": "2032 MHz",
        "hex": "80011F"
    },
    {
        "name": "2064 MHz",
        "label": "2064 MHz",
        "hex": "807E1F"
    },
    {
        "name": "2102 MHz",
        "label": "2102 MHz",
        "hex": "801420"
    },
    {
        "name": "2131 MHz",
        "label": "2131 MHz - JEDEC",
        "hex": "008520"
    }
]