[
    {
        "name": "None - Default",
        "hex": "00000000"
    },
    {
        "name": "-1 mV",
        "hex": "01000000"
    },
    {
        "name": "-2 mV",
        "hex": "02000000"
    },
    {
        "name": "-3 mV",
        "hex": "03000000"
    },
    {
        "name": "-4 mV",
        "hex": "04000000"
    },
    {
        "name": "-5 mV",
        "hex": "05000000"
    },
    {
        "name": "-6 mV",
        "hex": "06000000"
    },
    {
        "name": "-7 mV",
        "hex": "07000000"
    },
    {
        "name": "-8 mV",
        "hex": "08000000"
    },
    {
        "name": "-9 mV",
        "hex": "09000000"
    },
    {
        "name": "-10 mV",
        "hex": "0A000000"
    },
    {
        "name": "-11 mV",
        "hex": "0B000000"
    },
    {
        "name": "-12 mV",
        "hex": "0C000000"
    },
    {
        "name": "-13 mV",
        "hex": "0D000000"
    },
    {
        "name": "-14 mV",
        "hex": "0E000000"
    },
    {
        "name": "-15 mV",
        "hex": "0F000000"
    },
    {
        "name": "-16 mV",
        "hex": "10000000"
    },
    {
        "name": "-17 mV",
        "hex": "11000000"
    },
    {
        "name": "-18 mV",
        "hex": "12000000"
    },
    {
        "name": "-19 mV",
        "hex": "13000000"
    },
    {
        "name": "-20 mV",
        "hex": "14000000"
    },
    {
        "name": "-21 mV",
        "hex": "15000000"
    },
    {
        "name": "-22 mV",
        "hex": "16000000"
    },
    {
        "name": "-23 mV",
        "hex": "17000000"
    },
    {
        "name": "-24 mV",
        "hex": "18000000"
    },
    {
        "name": "-25 mV",
        "hex": "19000000"
    },
    {
        "name": "-26 mV",
        "hex": "1A000000"
    },
    {
        "name": "-27 mV",
        "hex": "1B000000"
    },
    {
        "name": "-28 mV",
        "hex": "1C000000"
    },
    {
        "name": "-29 mV",
        "hex": "1D000000"
    },
    {
        "name": "-30 mV",
        "hex": "1E000000"
    },
    {
        "name": "-31 mV",
        "hex": "1F000000"
    },
    {
        "name": "-32 mV",
        "hex": "20000000"
    },
    {
        "name": "-33 mV",
        "hex": "21000000"
    },
    {
        "name": "-34 mV",
        "hex": "22000000"
    },
    {
        "name": "-35 mV",
        "hex": "23000000"
    },
    {
        "name": "-36 mV",
        "hex": "24000000"
    },
    {
        "name": "-37 mV",
        "hex": "25000000"
    },
    {
        "name": "-38 mV",
        "hex": "26000000"
    },
    {
        "name": "-39 mV",
        "hex": "27000000"
    },
    {
        "name": "-40 mV",
        "hex": "28000000"
    },
    {
        "name": "-41 mV",
        "hex": "29000000"
    },
    {
        "name": "-42 mV",
        "hex": "2A000000"
    },
    {
        "name": "-43 mV",
        "hex": "2B000000"
    },
    {
        "name": "-44 mV",
        "hex": "2C000000"
    },
    {
        "name": "-45 mV",
        "hex": "2D000000"
    },
    {
        "name": "-46 mV",
        "hex": "2E000000"
    },
    {
        "name": "-47 mV",
        "hex": "2F000000"
    },
    {
        "name": "-48 mV",
        "hex": "30000000"
    },
    {
        "name": "-49 mV",
        "hex": "31000000"
    },
    {
        "name": "-50 mV",
        "hex": "32000000"
    },
    {
        "name": "-51 mV",
        "hex": "33000000"
    },
    {
        "name": "-52 mV",
        "hex": "34000000"
    },
    {
        "name": "-53 mV",
        "hex": "35000000"
    },
    {
        "name": "-54 mV",
        "hex": "36000000"
    },
    {
        "name": "-55 mV",
        "hex": "37000000"
    },
    {
        "name": "-56 mV",
        "hex": "38000000"
    },
    {
        "name": "-57 mV",
        "hex": "39000000"
    },
    {
        "name": "-58 mV",
        "hex": "3A000000"
    },
    {
        "name": "-59 mV",
        "hex": "3B000000"
    },
    {
        "name": "-60 mV",
        "hex": "3C000000"
    },
    {
        "name": "-61 mV",
        "hex": "3D000000"
    },
    {
        "name": "-62 mV",
        "hex": "3E000000"
    },
    {
        "name": "-63 mV",
        "hex": "3F000000"
    },
    {
        "name": "-64 mV",
        "hex": "40000000"
    },
    {
        "name": "-65 mV",
        "hex": "41000000"
    },
    {
        "name": "-66 mV",
        "hex": "42000000"
    },
    {
        "name": "-67 mV",
        "hex": "43000000"
    },
    {
        "name": "-68 mV",
        "hex": "44000000"
    },
    {
        "name": "-69 mV",
        "hex": "45000000"
    },
    {
        "name": "-70 mV",
        "hex": "46000000"
    },
    {
        "name": "-71 mV",
        "hex": "47000000"
    },
    {
        "name": "-72 mV",
        "hex": "48000000"
    },
    {
        "name": "-73 mV",
        "hex": "49000000"
    },
    {
        "name": "-74 mV",
        "hex": "4A000000"
    },
    {
        "name": "-75 mV",
        "hex": "4B000000"
    },
    {
        "name": "-76 mV",
        "hex": "4C000000"
    },
    {
        "name": "-77 mV",
        "hex": "4D000000"
    },
    {
        "name": "-78 mV",
        "hex": "4E000000"
    },
    {
        "name": "-79 mV",
        "hex": "4F000000"
    },
    {
        "name": "-80 mV",
        "hex": "50000000"
    },
    {
        "name": "-81 mV",
        "hex": "51000000"
    },
    {
        "name": "-82 mV",
        "hex": "52000000"
    },
    {
        "name": "-83 mV",
        "hex": "53000000"
    },
    {
        "name": "-84 mV",
        "hex": "54000000"
    },
    {
        "name": "-85 mV",
        "hex": "55000000"
    },
    {
        "name": "-86 mV",
        "hex": "56000000"
    },
    {
        "name": "-87 mV",
        "hex": "57000000"
    },
    {
        "name": "-88 mV",
        "hex": "58000000"
    },
    {
        "name": "-89 mV",
        "hex": "59000000"
    },
    {
        "name": "-90 mV",
        "hex": "5A000000"
    },
    {
        "name": "-91 mV",
        "hex": "5B000000"
    },
    {
        "name": "-92 mV",
        "hex": "5C000000"
    },
    {
        "name": "-93 mV",
        "hex": "5D000000"
    },
    {
        "name": "-94 mV",
        "hex": "5E000000"
    },
    {
        "name": "-95 mV",
        "hex": "5F000000"
    },
    {
        "name": "-96 mV",
        "hex": "60000000"
    },
    {
        "name": "-97 mV",
        "hex": "61000000"
    },
    {
        "name": "-98 mV",
        "hex": "62000000"
    },
    {
        "name": "-99 mV",
        "hex": "63000000"
    },
    {
        "name": "-100 mV",
        "hex": "64000000"
    }
]