[
  {
    "name": "Don't adjust",
    "dec": "0",
    "comm": "hex-by-cust-offset",
    "hex": "000000"
  },
  {
    "name": "1050 mV",
    "dec": "1050000"
  },
  {
    "name": "1062 mV",
    "dec": "1062500"
  },
  {
    "name": "1075 mV",
    "dec": "1075000"
  },
  {
    "name": "1087 mV",
    "dec": "1087500"
  },
  {
    "name": "1100 mV",
    "dec": "1100000"
  },
  {
    "name": "1112 mV",
    "dec": "1112500"
  },
  {
    "name": "1125 mV - Default",
    "dec": "1125000"
  },
  {
    "name": "1137 mV",
    "dec": "1137500"
  },
  {
    "name": "1150 mV",
    "dec": "1150000"
  },
  {
    "name": "1162 mV",
    "dec": "1162500"
  },
  {
    "name": "1175 mV",
    "dec": "1175000"
  },
  {
    "name": "1187 mV",
    "dec": "1187500"
  },
  {
    "name": "1200 mV",
    "dec": "1200000"
  },
  {
    "name": "1212 mV",
    "dec": "1212500"
  },
  {
    "name": "1225 mV",
    "dec": "1225000"
  },
  {
    "name": "1237 mV",
    "dec": "1237500"
  },
  {
    "name": "1250 mV",
    "dec": "1250000"
  }
]