[
    {
        "name": "Don't adjust",
        "hex": "00000000"
    },
    {
        "name": "1050.0 uV",
        "hex": "90051000"
    },
    {
        "name": "1062.5 uV",
        "hex": "64361000"
    },
    {
        "name": "1075.0 uV",
        "hex": "38671000"
    },
    {
        "name": "1087.5 uV",
        "hex": "0C981000"
    },
    {
        "name": "1100.0 uV - Default",
        "hex": "E0C81000"
    },
    {
        "name": "1112.5 uV",
        "hex": "B4F91000"
    },
    {
        "name": "1125.0 uV",
        "hex": "882A1100"
    },
    {
        "name": "1137.5 uV",
        "hex": "5C5B1100"
    },
    {
        "name": "1150.0 uV",
        "hex": "308C1100"
    },
    {
        "name": "1162.5 uV",
        "hex": "04BD1100"
    },
    {
        "name": "1175.0 uV",
        "hex": "D8ED1100"
    },
    {
        "name": "1187.5 uV",
        "hex": "AC1E1200"
    },
    {
        "name": "1200.0 uV",
        "hex": "804F1200"
    },
    {
        "name": "1212.5 uV",
        "hex": "54801200"
    },
    {
        "name": "1225.0 uV",
        "hex": "28B11200"
    },
    {
        "name": "1237.5 uV",
        "hex": "FCE11200"
    },
    {
        "name": "1250.0 uV",
        "hex": "D0121300"
    }
]