[
  {
    "name": "Default",
    "hex": "22000000200000001E"
  },
  {
    "name": "34",
    "hex": "220000002200000022"
  },
  {
    "name": "32",
    "hex": "200000002000000020"
  },
  {
    "name": "30",
    "hex": "1E0000001E0000001E"
  },
  {
    "name": "28",
    "hex": "1C0000001C0000001C"
  },
  {
    "name": "26",
    "hex": "1A0000001A0000001A"
  },
  {
    "name": "24",
    "hex": "180000001800000018"
  },
  {
    "name": "22",
    "hex": "160000001600000016"
  },
  {
    "name": "20",
    "hex": "140000001400000014"
  }
]