[
  {
    "name": "====== GPU Custom Table ======",
    "state": "filler"
  },
  {
    "name": "",
    "state": "filler"
  },
  {
    "name": "76 MHz",
    "offset": "124",
    "extent": " mV"
  },
  {
    "name": "153 MHz",
    "offset": "128",
    "extent": " mV"
  },
  {
    "name": "230 MHz",
    "offset": "132",
    "extent": " mV"
  },
  {
    "name": "307 MHz",
    "offset": "136",
    "extent": " mV"
  },
  {
    "name": "384 MHz",
    "offset": "140",
    "extent": " mV"
  },
  {
    "name": "460 MHz",
    "offset": "144",
    "extent": " mV"
  },
  {
    "name": "537 MHz",
    "offset": "148",
    "extent": " mV"
  },
  {
    "name": "614 MHz",
    "offset": "152",
    "extent": " mV"
  },
  {
    "name": "691 MHz",
    "offset": "156",
    "extent": " mV"
  },
  {
    "name": "768 MHz",
    "offset": "160",
    "extent": " mV"
  },
  {
    "name": "844 MHz",
    "offset": "164",
    "extent": " mV"
  },
  {
    "name": "921 MHz",
    "offset": "168",
    "extent": " mV"
  },
  {
    "name": "998 MHz",
    "offset": "172",
    "extent": " mV"
  },
  {
    "name": "1075 MHz",
    "offset": "176",
    "extent": " mV"
  },
  {
    "name": "1152 MHz",
    "offset": "180",
    "extent": " mV"
  },
  {
    "name": "1228 MHz",
    "offset": "184",
    "extent": " mV"
  },
  {
    "name": "1267 MHz",
    "offset": "188",
    "extent": " mV"
  },
  {
    "name": "1305 MHz",
    "offset": "192",
    "extent": " mV"
  },
  {
    "name": "1344 MHz",
    "offset": "196",
    "extent": " mV"
  },
  {
    "name": "1382 MHz",
    "offset": "200",
    "extent": " mV"
  },
  {
    "name": "1420 MHz",
    "offset": "204",
    "extent": " mV"
  },
  {
    "name": "1536 MHz",
    "offset": "208",
    "extent": " mV"
  }
]