[
  {
    "name": "========= CPU =========",
    "state": "filler"
  },
  {
    "name": "",
    "state": "filler"
  },
  {
    "name": "UV Level",
    "offset": "12"
  },
  {
    "name": "High Freq UV Level",
    "offset": "252"
  },
  {
    "name": "Table Config",
    "offset": "272"
  },
  {
    "name": "Low Freq Vmin",
    "offset": "24",
    "extent": " mV"
  },
  {
    "name": "High Freq Vmin",
    "offset": "28",
    "extent": " mV"
  },
  {
    "name": "Volt Limit",
    "offset": "32",
    "extent": " mV"
  },
  {
    "name": "Boost Clock",
    "offset": "8",
    "extent": " MHz"
  },
  {
    "name": "",
    "state": "filler"
  },
  {
    "name": "========= GPU =========",
    "state": "filler"
  },
  {
    "name": "",
    "state": "filler"
  },
  {
    "name": "UV Level",
    "offset": "40"
  },
  {
    "name": "Volt Offset",
    "offset": "44",
    "prefix": "-",
    "extent": " mV"
  },
  {
    "name": "Speedo",
    "offset": "52"
  },
  {
    "name": "Vmin",
    "offset": "56",
    "extent": " mV"
  },
  {
    "name": "Volt Limit",
    "offset": "60",
    "extent": " mV"
  },
  {
    "name": "",
    "state": "filler"
  },
  {
    "name": "========= RAM =========",
    "state": "filler"
  },
  {
    "name": "",
    "state": "filler"
  },
  {
    "name": "Clock Max",
    "offset": "80",
    "extent": " MHz"
  },
  {
    "name": "EMC Vdd2",
    "offset": "68",
    "extent": " mV"
  },
  {
    "name": "EMC Vddq",
    "offset": "72",
    "extent": " mV"
  },
  {
    "name": "EMC DVB Shift",
    "offset": "84"
  },
  {
    "name": "HP Mode",
    "offset": "268"
  },
  {
    "name": "DRAM Timing",
    "offset": "64"
  },
  {
    "name": "Timings",
    "offset": "88,92,96,100,104,108,112,116"
  }
]