[
  {
    "name": "========= CPU =========",
    "state": "filler"
  },
  {
    "name": "",
    "state": "filler"
  },
  {
    "name": "UV Level",
    "offset": "12"
  },
  {
    "name": "High Freq UV Level",
    "offset": "252"
  },
  {
    "name": "Table Config",
    "offset": "272",
    "ref": "/switch/.packages/SC Wizard/Configure/CPU/json/marikoCpuTableConfig.json"
  },
  {
    "name": "Low Freq Vmin",
    "offset": "24",
    "ref": "/switch/.packages/SC Wizard/Configure/CPU/json/marikoCpuMinVolt.json"
  },
  {
    "name": "High Freq Vmin",
    "offset": "28",
    "ref": "/switch/.packages/SC Wizard/Configure/CPU/json/marikoCpuHighMinVolt.json"
  },
  {
    "name": "Volt Limit",
    "offset": "32",
    "extent": " mV"
  },
  {
    "name": "Boost Clock",
    "offset": "8",
    "extent": " MHz"
  },
  {
    "name": "Max Freq",
    "offset": "264",
    "ref": "/switch/.packages/SC Wizard/Configure/CPU/json/marikoCpuMaxFreq.json"
  },
  {
    "name": "",
    "state": "filler"
  },
  {
    "name": "========= GPU =========",
    "state": "filler"
  },
  {
    "name": "",
    "state": "filler"
  },
  {
    "name": "UV Level",
    "offset": "40"
  },
  {
    "name": "Volt Offset",
    "offset": "44",
    "ref": "/switch/.packages/SC Wizard/Configure/GPU/json/commonGpuVoltOffset.json"
  },
  {
    "name": "Speedo",
    "offset": "52"
  },
  {
    "name": "Vmin",
    "offset": "56",
    "ref": "/switch/.packages/SC Wizard/Configure/GPU/json/marikoGpuVmin.json"
  },
  {
    "name": "Volt Limit",
    "offset": "60",
    "extent": " mV"
  },
  {
    "name": "Max Freq",
    "offset": "256",
    "ref": "/switch/.packages/SC Wizard/Configure/GPU/json/marikoGpuMaxFreq.json"
  },
  {
    "name": "",
    "state": "filler"
  },
  {
    "name": "========= RAM =========",
    "state": "filler"
  },
  {
    "name": "",
    "state": "filler"
  },
  {
    "name": "Clock Max",
    "offset": "80",
    "extent": " MHz"
  },
  {
    "name": "EMC Vdd2",
    "offset": "68",
    "ref": "/switch/.packages/SC Wizard/Configure/RAM/json/marikoEmcMemVolt.json"
  },
  {
    "name": "EMC Vddq",
    "offset": "72",
    "ref": "/switch/.packages/SC Wizard/Configure/RAM/json/marikoEmcVddqVolt.json"
  },
  {
    "name": "EMC DVB Shift",
    "offset": "84",
    "ref": "/switch/.packages/SC Wizard/Configure/RAM/json/marikoEmcDvbShift.json"
  },
  {
    "name": "DRAM Timing",
    "offset": "64",
    "ref": "/switch/.packages/SC Wizard/Configure/RAM/json/mtcConf.json"
  },
  {
    "name": "Timings",
    "offset": "88,92,96,100,104,108,112,116"
  }
]