[
  {
    "name": "Unset - Default",
    "dec": "0"
  },
  {
    "name": "-1 mV",
    "dec": "1"
  },
  {
    "name": "-2 mV",
    "dec": "2"
  },
  {
    "name": "-3 mV",
    "dec": "3"
  },
  {
    "name": "-4 mV",
    "dec": "4"
  },
  {
    "name": "-5 mV",
    "dec": "5"
  },
  {
    "name": "-6 mV",
    "dec": "6"
  },
  {
    "name": "-7 mV",
    "dec": "7"
  },
  {
    "name": "-8 mV",
    "dec": "8"
  },
  {
    "name": "-9 mV",
    "dec": "9"
  },
  {
    "name": "-10 mV",
    "dec": "10"
  },
  {
    "name": "-11 mV",
    "dec": "11"
  },
  {
    "name": "-12 mV",
    "dec": "12"
  },
  {
    "name": "-13 mV",
    "dec": "13"
  },
  {
    "name": "-14 mV",
    "dec": "14"
  },
  {
    "name": "-15 mV",
    "dec": "15"
  },
  {
    "name": "-16 mV",
    "dec": "16"
  },
  {
    "name": "-17 mV",
    "dec": "17"
  },
  {
    "name": "-18 mV",
    "dec": "18"
  },
  {
    "name": "-19 mV",
    "dec": "19"
  },
  {
    "name": "-20 mV",
    "dec": "20"
  },
  {
    "name": "-21 mV",
    "dec": "15000000"
  },
  {
    "name": "-22 mV",
    "dec": "16000000"
  },
  {
    "name": "-23 mV",
    "dec": "17000000"
  },
  {
    "name": "-24 mV",
    "dec": "18000000"
  },
  {
    "name": "-25 mV",
    "dec": "19000000"
  },
  {
    "name": "-26 mV",
    "dec": "1A000000"
  },
  {
    "name": "-27 mV",
    "dec": "1B000000"
  },
  {
    "name": "-28 mV",
    "dec": "1C000000"
  },
  {
    "name": "-29 mV",
    "dec": "1D000000"
  },
  {
    "name": "-30 mV",
    "dec": "1E000000"
  },
  {
    "name": "-31 mV",
    "dec": "1F000000"
  },
  {
    "name": "-32 mV",
    "dec": "20000000"
  },
  {
    "name": "-33 mV",
    "dec": "21000000"
  },
  {
    "name": "-34 mV",
    "dec": "22000000"
  },
  {
    "name": "-35 mV",
    "dec": "23000000"
  },
  {
    "name": "-36 mV",
    "dec": "24000000"
  },
  {
    "name": "-37 mV",
    "dec": "25000000"
  },
  {
    "name": "-38 mV",
    "dec": "26000000"
  },
  {
    "name": "-39 mV",
    "dec": "27000000"
  },
  {
    "name": "-40 mV",
    "dec": "28000000"
  },
  {
    "name": "-41 mV",
    "dec": "29000000"
  },
  {
    "name": "-42 mV",
    "dec": "2A000000"
  },
  {
    "name": "-43 mV",
    "dec": "2B000000"
  },
  {
    "name": "-44 mV",
    "dec": "2C000000"
  },
  {
    "name": "-45 mV",
    "dec": "2D000000"
  },
  {
    "name": "-46 mV",
    "dec": "2E000000"
  },
  {
    "name": "-47 mV",
    "dec": "2F000000"
  },
  {
    "name": "-48 mV",
    "dec": "30000000"
  },
  {
    "name": "-49 mV",
    "dec": "31000000"
  },
  {
    "name": "-50 mV",
    "dec": "32000000"
  },
  {
    "name": "-51 mV",
    "dec": "33000000"
  },
  {
    "name": "-52 mV",
    "dec": "34000000"
  },
  {
    "name": "-53 mV",
    "dec": "35000000"
  },
  {
    "name": "-54 mV",
    "dec": "36000000"
  },
  {
    "name": "-55 mV",
    "dec": "37000000"
  },
  {
    "name": "-56 mV",
    "dec": "38000000"
  },
  {
    "name": "-57 mV",
    "dec": "39000000"
  },
  {
    "name": "-58 mV",
    "dec": "3A000000"
  },
  {
    "name": "-59 mV",
    "dec": "3B000000"
  },
  {
    "name": "-60 mV",
    "dec": "3C000000"
  },
  {
    "name": "-61 mV",
    "dec": "3D000000"
  },
  {
    "name": "-62 mV",
    "dec": "3E000000"
  },
  {
    "name": "-63 mV",
    "dec": "3F000000"
  },
  {
    "name": "-64 mV",
    "dec": "40000000"
  },
  {
    "name": "-65 mV",
    "dec": "41000000"
  },
  {
    "name": "-66 mV",
    "dec": "42000000"
  },
  {
    "name": "-67 mV",
    "dec": "43000000"
  },
  {
    "name": "-68 mV",
    "dec": "44000000"
  },
  {
    "name": "-69 mV",
    "dec": "45000000"
  },
  {
    "name": "-70 mV",
    "dec": "46000000"
  },
  {
    "name": "-71 mV",
    "dec": "47000000"
  },
  {
    "name": "-72 mV",
    "dec": "48000000"
  },
  {
    "name": "-73 mV",
    "dec": "49000000"
  },
  {
    "name": "-74 mV",
    "dec": "4A000000"
  },
  {
    "name": "-75 mV",
    "dec": "4B000000"
  },
  {
    "name": "-76 mV",
    "dec": "4C000000"
  },
  {
    "name": "-77 mV",
    "dec": "4D000000"
  },
  {
    "name": "-78 mV",
    "dec": "4E000000"
  },
  {
    "name": "-79 mV",
    "dec": "4F000000"
  },
  {
    "name": "-80 mV",
    "dec": "50000000"
  },
  {
    "name": "-81 mV",
    "dec": "51000000"
  },
  {
    "name": "-82 mV",
    "dec": "52000000"
  },
  {
    "name": "-83 mV",
    "dec": "53000000"
  },
  {
    "name": "-84 mV",
    "dec": "54000000"
  },
  {
    "name": "-85 mV",
    "dec": "55000000"
  },
  {
    "name": "-86 mV",
    "dec": "56000000"
  },
  {
    "name": "-87 mV",
    "dec": "57000000"
  },
  {
    "name": "-88 mV",
    "dec": "58000000"
  },
  {
    "name": "-89 mV",
    "dec": "59000000"
  },
  {
    "name": "-90 mV",
    "dec": "5A000000"
  },
  {
    "name": "-91 mV",
    "dec": "5B000000"
  },
  {
    "name": "-92 mV",
    "dec": "5C000000"
  },
  {
    "name": "-93 mV",
    "dec": "5D000000"
  },
  {
    "name": "-94 mV",
    "dec": "5E000000"
  },
  {
    "name": "-95 mV",
    "dec": "5F000000"
  },
  {
    "name": "-96 mV",
    "dec": "60000000"
  },
  {
    "name": "-97 mV",
    "dec": "61000000"
  },
  {
    "name": "-98 mV",
    "dec": "62000000"
  },
  {
    "name": "-99 mV",
    "dec": "63000000"
  },
  {
    "name": "-100 mV",
    "dec": "64000000"
  }
]