[
  {
    "name": "1480",
    "dec": "1480"
  },
  {
    "name": "1485",
    "dec": "1485"
  },
  {
    "name": "1490",
    "dec": "1490"
  },
  {
    "name": "1495",
    "dec": "1495"
  },
  {
    "name": "1500",
    "dec": "1500"
  },
  {
    "name": "1505",
    "dec": "1505"
  },
  {
    "name": "1510",
    "dec": "1510"
  },
  {
    "name": "1515",
    "dec": "1515"
  },
  {
    "name": "1520",
    "dec": "1520"
  },
  {
    "name": "1525",
    "dec": "1525"
  },
  {
    "name": "1530",
    "dec": "1530"
  },
  {
    "name": "1535",
    "dec": "1535"
  },
  {
    "name": "1540",
    "dec": "1540"
  },
  {
    "name": "1545",
    "dec": "1545"
  },
  {
    "name": "1550",
    "dec": "1550"
  },
  {
    "name": "1555",
    "dec": "1555"
  },
  {
    "name": "1560",
    "dec": "1560"
  },
  {
    "name": "1565",
    "dec": "1565"
  },
  {
    "name": "1570",
    "dec": "1570"
  },
  {
    "name": "1575",
    "dec": "1575"
  },
  {
    "name": "1580",
    "dec": "1580"
  },
  {
    "name": "1585",
    "dec": "1585"
  },
  {
    "name": "1590",
    "dec": "1590"
  },
  {
    "name": "1595",
    "dec": "1595"
  },
  {
    "name": "1600",
    "dec": "1600"
  },
  {
    "name": "1605",
    "dec": "1605"
  },
  {
    "name": "1610",
    "dec": "1610"
  },
  {
    "name": "1615",
    "dec": "1615"
  },
  {
    "name": "1620",
    "dec": "1620"
  },
  {
    "name": "1625",
    "dec": "1625"
  },
  {
    "name": "1630",
    "dec": "1630"
  },
  {
    "name": "1635",
    "dec": "1635"
  },
  {
    "name": "1640",
    "dec": "1640"
  },
  {
    "name": "1645",
    "dec": "1645"
  },
  {
    "name": "1650",
    "dec": "1650"
  },
  {
    "name": "1655",
    "dec": "1655"
  },
  {
    "name": "1660",
    "dec": "1660"
  },
  {
    "name": "1665",
    "dec": "1665"
  },
  {
    "name": "1670",
    "dec": "1670"
  },
  {
    "name": "1675",
    "dec": "1675"
  },
  {
    "name": "1680",
    "dec": "1680"
  },
  {
    "name": "1685",
    "dec": "1685"
  },
  {
    "name": "1690",
    "dec": "1690"
  },
  {
    "name": "1695",
    "dec": "1695"
  },
  {
    "name": "1700",
    "dec": "1700"
  },
  {
    "name": "1705",
    "dec": "1705"
  },
  {
    "name": "1710",
    "dec": "1710"
  },
  {
    "name": "1715",
    "dec": "1715"
  },
  {
    "name": "1720",
    "dec": "1720"
  },
  {
    "name": "1725",
    "dec": "1725"
  },
  {
    "name": "1730",
    "dec": "1730"
  },
  {
    "name": "1735",
    "dec": "1735"
  },
  {
    "name": "1740",
    "dec": "1740"
  },
  {
    "name": "1745",
    "dec": "1745"
  },
  {
    "name": "1750",
    "dec": "1750"
  },
  {
    "name": "1755",
    "dec": "1755"
  },
  {
    "name": "1760",
    "dec": "1760"
  },
  {
    "name": "1765",
    "dec": "1765"
  },
  {
    "name": "1770",
    "dec": "1770"
  },
  {
    "name": "1775",
    "dec": "1775"
  },
  {
    "name": "1780",
    "dec": "1780"
  },
  {
    "name": "1785",
    "dec": "1785"
  },
  {
    "name": "1790",
    "dec": "1790"
  },
  {
    "name": "1795",
    "dec": "1795"
  },
  {
    "name": "1800",
    "dec": "1800"
  }
]