[
  {
    "name": "800 mV - Default",
    "dec": "800"
  },
  {
    "name": "805 mV",
    "dec": "805"
  },
  {
    "name": "810 mV",
    "dec": "810"
  },
  {
    "name": "815 mV",
    "dec": "815"
  },
  {
    "name": "820 mV",
    "dec": "820"
  },
  {
    "name": "825 mV",
    "dec": "825"
  },
  {
    "name": "830 mV",
    "dec": "830"
  },
  {
    "name": "835 mV",
    "dec": "835"
  },
  {
    "name": "840 mV",
    "dec": "840"
  },
  {
    "name": "845 mV",
    "dec": "845"
  },
  {
    "name": "850 mV",
    "dec": "850"
  },
  {
    "name": "855 mV",
    "dec": "855"
  },
  {
    "name": "860 mV",
    "dec": "860"
  },
  {
    "name": "865 mV",
    "dec": "865"
  },
  {
    "name": "870 mV",
    "dec": "870"
  },
  {
    "name": "875 mV",
    "dec": "875"
  },
  {
    "name": "880 mV",
    "dec": "880"
  },
  {
    "name": "885 mV",
    "dec": "885"
  },
  {
    "name": "890 mV",
    "dec": "890"
  },
  {
    "name": "895 mV",
    "dec": "895"
  },
  {
    "name": "900 mV",
    "dec": "900"
  },
  {
    "name": "905 mV",
    "dec": "905"
  },
  {
    "name": "910 mV",
    "dec": "910"
  },
  {
    "name": "915 mV",
    "dec": "915"
  },
  {
    "name": "920 mV",
    "dec": "920"
  },
  {
    "name": "925 mV",
    "dec": "925"
  },
  {
    "name": "930 mV",
    "dec": "930"
  },
  {
    "name": "935 mV",
    "dec": "935"
  },
  {
    "name": "940 mV",
    "dec": "940"
  },
  {
    "name": "945 mV",
    "dec": "945"
  },
  {
    "name": "950 mV",
    "dec": "950"
  },
  {
    "name": "955 mV",
    "dec": "955"
  },
  {
    "name": "960 mV",
    "dec": "960"
  },
  {
    "name": "965 mV",
    "dec": "965"
  },
  {
    "name": "970 mV",
    "dec": "970"
  },
  {
    "name": "975 mV",
    "dec": "975"
  },
  {
    "name": "980 mV",
    "dec": "980"
  },
  {
    "name": "985 mV",
    "dec": "985"
  },
  {
    "name": "990 mV",
    "dec": "990"
  },
  {
    "name": "995 mV",
    "dec": "995"
  },
  {
    "name": "1000 mV",
    "dec": "1000"
  },
  {
    "name": "1005 mV",
    "dec": "1005"
  },
  {
    "name": "1010 mV",
    "dec": "1010"
  },
  {
    "name": "1015 mV",
    "dec": "1015"
  },
  {
    "name": "1020 mV",
    "dec": "1020"
  },
  {
    "name": "1025 mV",
    "dec": "1025"
  },
  {
    "name": "1030 mV",
    "dec": "1030"
  },
  {
    "name": "1035 mV",
    "dec": "1035"
  },
  {
    "name": "1040 mV",
    "dec": "1040"
  },
  {
    "name": "1045 mV",
    "dec": "1045"
  },
  {
    "name": "1050 mV - System Default",
    "dec": "1050"
  }
]