[
  {
    "name": "500 mV",
    "dec": "500"
  },
  {
    "name": "505 mV",
    "dec": "505"
  },
  {
    "name": "510 mV",
    "dec": "510"
  },
  {
    "name": "515 mV",
    "dec": "515"
  },
  {
    "name": "520 mV",
    "dec": "520"
  },
  {
    "name": "525 mV",
    "dec": "525"
  },
  {
    "name": "530 mV",
    "dec": "530"
  },
  {
    "name": "535 mV",
    "dec": "535"
  },
  {
    "name": "540 mV",
    "dec": "540"
  },
  {
    "name": "545 mV",
    "dec": "545"
  },
  {
    "name": "550 mV",
    "dec": "550"
  },
  {
    "name": "555 mV",
    "dec": "555"
  },
  {
    "name": "560 mV",
    "dec": "560"
  },
  {
    "name": "565 mV",
    "dec": "565"
  },
  {
    "name": "570 mV",
    "dec": "570"
  },
  {
    "name": "575 mV",
    "dec": "575"
  },
  {
    "name": "580 mV",
    "dec": "580"
  },
  {
    "name": "585 mV",
    "dec": "585"
  },
  {
    "name": "590 mV",
    "dec": "590"
  },
  {
    "name": "595 mV",
    "dec": "595"
  },
  {
    "name": "600 mV",
    "dec": "600"
  },
  {
    "name": "605 mV",
    "dec": "605"
  },
  {
    "name": "610 mV",
    "dec": "610"
  },
  {
    "name": "615 mV",
    "dec": "615"
  },
  {
    "name": "620 mV",
    "dec": "620"
  },
  {
    "name": "625 mV",
    "dec": "625"
  },
  {
    "name": "630 mV",
    "dec": "630"
  },
  {
    "name": "635 mV",
    "dec": "635"
  },
  {
    "name": "640 mV",
    "dec": "640"
  },
  {
    "name": "645 mV",
    "dec": "645"
  },
  {
    "name": "650 mV",
    "dec": "650"
  },
  {
    "name": "655 mV",
    "dec": "655"
  },
  {
    "name": "660 mV",
    "dec": "660"
  },
  {
    "name": "665 mV",
    "dec": "665"
  },
  {
    "name": "670 mV",
    "dec": "670"
  },
  {
    "name": "675 mV",
    "dec": "675"
  },
  {
    "name": "680 mV",
    "dec": "680"
  },
  {
    "name": "685 mV",
    "dec": "685"
  },
  {
    "name": "690 mV",
    "dec": "690"
  },
  {
    "name": "695 mV",
    "dec": "695"
  },
  {
    "name": "700 mV",
    "dec": "700"
  },
  {
    "name": "705 mV",
    "dec": "705"
  },
  {
    "name": "710 mV",
    "dec": "710"
  },
  {
    "name": "715 mV",
    "dec": "715"
  },
  {
    "name": "720 mV",
    "dec": "720"
  },
  {
    "name": "725 mV",
    "dec": "725"
  },
  {
    "name": "730 mV",
    "dec": "730"
  },
  {
    "name": "735 mV",
    "dec": "735"
  },
  {
    "name": "740 mV",
    "dec": "740"
  },
  {
    "name": "745 mV",
    "dec": "745"
  },
  {
    "name": "750 mV",
    "dec": "750"
  },
  {
    "name": "755 mV",
    "dec": "755"
  },
  {
    "name": "760 mV",
    "dec": "760"
  },
  {
    "name": "765 mV",
    "dec": "765"
  },
  {
    "name": "770 mV",
    "dec": "770"
  },
  {
    "name": "775 mV",
    "dec": "775"
  },
  {
    "name": "780 mV",
    "dec": "780"
  },
  {
    "name": "785 mV",
    "dec": "785"
  },
  {
    "name": "790 mV",
    "dec": "790"
  },
  {
    "name": "795 mV",
    "dec": "795"
  },
  {
    "name": "800 mV",
    "dec": "800"
  },
  {
    "name": "805 mV",
    "dec": "805"
  },
  {
    "name": "810 mV",
    "dec": "810"
  },
  {
    "name": "815 mV",
    "dec": "815"
  },
  {
    "name": "820 mV",
    "dec": "820"
  },
  {
    "name": "825 mV",
    "dec": "825"
  },
  {
    "name": "830 mV",
    "dec": "830"
  },
  {
    "name": "835 mV",
    "dec": "835"
  },
  {
    "name": "840 mV",
    "dec": "840"
  },
  {
    "name": "845 mV",
    "dec": "845"
  },
  {
    "name": "850 mV",
    "dec": "850"
  },
  {
    "name": "855 mV",
    "dec": "855"
  },
  {
    "name": "860 mV",
    "dec": "860"
  },
  {
    "name": "865 mV",
    "dec": "865"
  },
  {
    "name": "870 mV",
    "dec": "870"
  },
  {
    "name": "875 mV",
    "dec": "875"
  },
  {
    "name": "880 mV",
    "dec": "880"
  },
  {
    "name": "885 mV",
    "dec": "885"
  },
  {
    "name": "890 mV",
    "dec": "890"
  },
  {
    "name": "895 mV",
    "dec": "895"
  },
  {
    "name": "900 mV",
    "dec": "900"
  }
]