[
  {
    "name": "========= CPU =========",
    "state": "filler"
  },
  {
    "name": "",
    "state": "filler"
  },
  {
    "name": "Min Volt",
    "offset": "16",
    "length": "4",
    "extent": " mV"
  },
  {
    "name": "Max Volt",
    "offset": "20",
    "length": "4",
    "extent": " mV"
  },
  {
    "name": "Boost Clock",
    "offset": "12",
    "length": "4",
    "extent": " MHz"
  },
  {
    "name": "",
    "state": "filler"
  },
  {
    "name": "========= GPU =========",
    "state": "filler"
  },
  {
    "name": "",
    "state": "filler"
  },
  {
    "name": "Volt Offset",
    "offset": "40",
    "length": "1",
    "prefix": "-",
    "extent": " mV"
  },
  {
    "name": "Min Volt",
    "offset": "44",
    "length": "4"
  },
  {
    "name": "",
    "state": "filler"
  },
  {
    "name": "========= RAM =========",
    "state": "filler"
  },
  {
    "name": "",
    "state": "filler"
  },
  {
    "name": "Clock Max",
    "offset": "68",
    "length": "4",
    "extent": " MHz"
  },
  {
    "name": "EMC Vdd2",
    "offset": "60",
    "length": "4",
    "extent": " mV"
  },
  {
    "name": "EMC DVB Shift",
    "offset": "76",
    "length": "1"
  },
  {
    "name": "DRAM Timing",
    "offset": "56",
    "length": "1"
  },
  {
    "name": "Timings",
    "offset": "80,84,88,92,96,100,104",
    "length": "1"
  }
]