[
    {
        "name": "1120 mV - Default",
        "hex": "60040000"
    },
    {
        "name": "1125 mV",
        "hex": "65040000"
    },
    {
        "name": "1130 mV",
        "hex": "6A040000"
    },
    {
        "name": "1135 mV",
        "hex": "6F040000"
    },
    {
        "name": "1140 mV",
        "hex": "74040000"
    },
    {
        "name": "1145 mV",
        "hex": "79040000"
    },
    {
        "name": "1150 mV",
        "hex": "7E040000"
    },
    {
        "name": "1155 mV",
        "hex": "83040000"
    },
    {
        "name": "1160 mV",
        "hex": "88040000"
    },
    {
        "name": "1165 mV",
        "hex": "8D040000"
    },
    {
        "name": "1170 mV",
        "hex": "92040000"
    },
    {
        "name": "1175 mV",
        "hex": "97040000"
    },
    {
        "name": "1180 mV",
        "hex": "9C040000"
    },
    {
        "name": "1185 mV",
        "hex": "A1040000"
    },
    {
        "name": "1190 mV",
        "hex": "A6040000"
    },
    {
        "name": "1195 mV",
        "hex": "AB040000"
    },
    {
        "name": "1200 mV",
        "hex": "B0040000"
    },
    {
        "name": "1205 mV",
        "hex": "B5040000"
    },
    {
        "name": "1210 mV",
        "hex": "BA040000"
    },
    {
        "name": "1215 mV",
        "hex": "BF040000"
    },
    {
        "name": "1220 mV",
        "hex": "C4040000"
    },
    {
        "name": "1225 mV",
        "hex": "C9040000"
    },
    {
        "name": "1230 mV",
        "hex": "CE040000"
    },
    {
        "name": "1235 mV",
        "hex": "D3040000"
    },
    {
        "name": "1240 mV",
        "hex": "D8040000",
        "color": "Red"
    },
    {
        "name": "1245 mV",
        "hex": "DD040000",
        "color": "Red"
    },
    {
        "name": "1250 mV",
        "hex": "E2040000",
        "color": "Red"
    },
    {
        "name": "1255 mV",
        "hex": "E7040000",
        "color": "Red"
    },
    {
        "name": "1260 mV",
        "hex": "EC040000",
        "color": "Red"
    },
    {
        "name": "1265 mV",
        "hex": "F1040000",
        "color": "Red"
    },
    {
        "name": "1270 mV",
        "hex": "F6040000",
        "color": "Red"
    },
    {
        "name": "1275 mV",
        "hex": "FB040000",
        "color": "Red"
    },
    {
        "name": "1280 mV",
        "hex": "00050000",
        "color": "Red"
    },
    {
        "name": "1285 mV",
        "hex": "05050000",
        "color": "Red"
    },
    {
        "name": "1290 mV",
        "hex": "0A050000",
        "color": "Red"
    },
    {
        "name": "1295 mV",
        "hex": "0F050000",
        "color": "Red"
    },
    {
        "name": "1300 mV",
        "hex": "14050000",
        "color": "Red"
    }
]