[
  {
    "name": "-100 mV",
    "dec": "100"
  },
  {
    "name": "-95 mV",
    "dec": "95"
  },
  {
    "name": "-90 mV",
    "dec": "90"
  },
  {
    "name": "-85 mV",
    "dec": "85"
  },
  {
    "name": "-80 mV",
    "dec": "80"
  },
  {
    "name": "-75 mV",
    "dec": "75"
  },
  {
    "name": "-70 mV",
    "dec": "70"
  },
  {
    "name": "-65 mV",
    "dec": "65"
  },
  {
    "name": "-60 mV",
    "dec": "60"
  },
  {
    "name": "-55 mV",
    "dec": "55"
  },
  {
    "name": "-50 mV",
    "dec": "50"
  },
  {
    "name": "-45 mV",
    "dec": "45"
  },
  {
    "name": "-40 mV",
    "dec": "40"
  },
  {
    "name": "-35 mV",
    "dec": "35"
  },
  {
    "name": "-30 mV",
    "dec": "30"
  },
  {
    "name": "-25 mV",
    "dec": "25"
  },
  {
    "name": "-20 mV",
    "dec": "20"
  },
  {
    "name": "-15 mV",
    "dec": "15"
  },
  {
    "name": "-10 mV",
    "dec": "10"
  },
  {
    "name": "-5 mV",
    "dec": "5"
  },
  {
    "name": "Auto",
    "dec": "0"
  },
  {
    "name": "+5 mV",
    "dec": "-5"
  },
  {
    "name": "+10 mV",
    "dec": "-10"
  },
  {
    "name": "+15 mV",
    "dec": "-15"
  },
  {
    "name": "+20 mV",
    "dec": "-20"
  }
]