[
  {
    "name": "========= CPU =========",
    "state": "filler"
  },
  {
    "name": "",
    "state": "filler"
  },
  {
    "name": "Undervolt Level",
    "offset": "12",
    "length": "1"
  },
  {
    "name": "Min Volt",
    "offset": "24",
    "length": "4",
    "extent": " mV"
  },
  {
    "name": "High Min Volt",
    "offset": "28",
    "length": "4",
    "extent": " mV"
  },
  {
    "name": "Max Volt",
    "offset": "32",
    "length": "4",
    "extent": " mV"
  },
  {
    "name": "Boost Clock",
    "offset": "8",
    "length": "4",
    "extent": " MHz"
  },
  {
    "name": "",
    "state": "filler"
  },
  {
    "name": "========= GPU =========",
    "state": "filler"
  },
  {
    "name": "",
    "state": "filler"
  },
  {
    "name": "Undervolt Level",
    "offset": "40",
    "length": "1"
  },
  {
    "name": "Volt Offset",
    "offset": "44",
    "length": "1",
    "prefix": "-",
    "extent": " mV"
  },
  {
    "name": "Min Volt",
    "offset": "56",
    "length": "4",
    "extent": " mV"
  },
  {
    "name": "Max Volt",
    "offset": "60",
    "length": "4",
    "extent": " mV"
  },
  {
    "name": "",
    "state": "filler"
  },
  {
    "name": "========= RAM =========",
    "state": "filler"
  },
  {
    "name": "",
    "state": "filler"
  },
  {
    "name": "Clock Max",
    "offset": "80",
    "length": "4",
    "extent": " MHz"
  },
  {
    "name": "EMC Vdd2",
    "offset": "68",
    "length": "4",
    "extent": " mV"
  },
  {
    "name": "EMC Vddq",
    "offset": "72",
    "length": "3",
    "extent": " mV"
  },
  {
    "name": "EMC DVB Shift",
    "offset": "84",
    "length": "1"
  },
  {
    "name": "DRAM Timing",
    "offset": "64",
    "length": "1"
  },
  {
    "name": "Timings",
    "offset": "88,92,96,100,104,108",
    "length": "1"
  }
]