[
    {
        "name": "0 mV",
        "hex": "0000"
    },
    {
        "name": "-5 mV",
        "hex": "0500"
    },
    {
        "name": "-10 mV",
        "hex": "0A00"
    },
    {
        "name": "-15 mV",
        "hex": "0F00"
    },
    {
        "name": "-20 mV",
        "hex": "1400"
    },
    {
        "name": "-25 mV",
        "hex": "1900"
    },
    {
        "name": "-30 mV",
        "hex": "1E00"
    },
    {
        "name": "-35 mV",
        "hex": "2300"
    },
    {
        "name": "-40 mV",
        "hex": "2800"
    },
    {
        "name": "-45 mV",
        "hex": "2D00"
    },
    {
        "name": "-50 mV",
        "hex": "3200"
    },
    {
        "name": "-55 mV",
        "hex": "3700"
    },
    {
        "name": "-60 mV",
        "hex": "3C00"
    },
    {
        "name": "-65 mV",
        "hex": "4100"
    },
    {
        "name": "-70 mV",
        "hex": "4600"
    },
    {
        "name": "-75 mV",
        "hex": "4B00"
    },
    {
        "name": "-80 mV",
        "hex": "5000"
    },
    {
        "name": "-85 mV",
        "hex": "5500"
    },
    {
        "name": "-90 mV",
        "hex": "5A00"
    },
    {
        "name": "-95 mV",
        "hex": "5F00"
    },
    {
        "name": "-100 mV",
        "hex": "6400"
    }
]