[
  {
    "name": "1120 mV - System Default",
    "dec": "1120"
  },
  {
    "name": "1125 mV",
    "dec": "1125"
  },
  {
    "name": "1130 mV",
    "dec": "1130"
  },
  {
    "name": "1135 mV",
    "dec": "1135"
  },
  {
    "name": "1140 mV",
    "dec": "1140"
  },
  {
    "name": "1145 mV",
    "dec": "1145"
  },
  {
    "name": "1150 mV",
    "dec": "1150"
  },
  {
    "name": "1155 mV",
    "dec": "1155"
  },
  {
    "name": "1160 mV",
    "dec": "1160"
  },
  {
    "name": "1165 mV",
    "dec": "1165"
  },
  {
    "name": "1170 mV",
    "dec": "1170"
  },
  {
    "name": "1175 mV",
    "dec": "1175"
  },
  {
    "name": "1180 mV",
    "dec": "1180"
  },
  {
    "name": "1185 mV",
    "dec": "1185"
  },
  {
    "name": "1190 mV",
    "dec": "1190"
  },
  {
    "name": "1195 mV",
    "dec": "1195"
  },
  {
    "name": "1200 mV",
    "dec": "1200"
  },
  {
    "name": "1205 mV",
    "dec": "1205"
  },
  {
    "name": "1210 mV",
    "dec": "1210"
  },
  {
    "name": "1215 mV",
    "dec": "1215"
  },
  {
    "name": "1220 mV",
    "dec": "1220"
  },
  {
    "name": "1225 mV",
    "dec": "1225"
  },
  {
    "name": "1230 mV",
    "dec": "1230"
  },
  {
    "name": "1235 mV - Default",
    "dec": "1235"
  },
  {
    "name": "1240 mV",
    "dec": "1240",
    "color": "Red"
  },
  {
    "name": "1245 mV",
    "dec": "1245",
    "color": "Red"
  },
  {
    "name": "1250 mV",
    "dec": "1250",
    "color": "Red"
  },
  {
    "name": "1255 mV",
    "dec": "1255",
    "color": "Red"
  },
  {
    "name": "1260 mV",
    "dec": "1260",
    "color": "Red"
  },
  {
    "name": "1265 mV",
    "dec": "1265",
    "color": "Red"
  },
  {
    "name": "1270 mV",
    "dec": "1270",
    "color": "Red"
  },
  {
    "name": "1275 mV",
    "dec": "1275",
    "color": "Red"
  },
  {
    "name": "1280 mV",
    "dec": "1280",
    "color": "Red"
  },
  {
    "name": "1285 mV",
    "dec": "1285",
    "color": "Red"
  },
  {
    "name": "1290 mV",
    "dec": "1290",
    "color": "Red"
  },
  {
    "name": "1295 mV",
    "dec": "1295",
    "color": "Red"
  },
  {
    "name": "1300 mV",
    "dec": "1300",
    "color": "Red"
  }
]