[
	{
        "name": "1100 mV",
        "hex": "4C0400"
    },
    {
        "name": "1120 mV",
        "hex": "600400"
    },
    {
        "name": "1140 mV",
        "hex": "740400"
    },
    {
        "name": "1150 mV",
        "hex": "7E0400"
    },
    {
        "name": "1160 mV",
        "hex": "880400"
    },
    {
        "name": "1170 mV",
        "hex": "920400"
    },
    {
        "name": "1180 mV",
        "hex": "9C0400"
    },
    {
        "name": "1190 mV",
        "hex": "A60400"
    },
    {
        "name": "1200 mV",
        "hex": "B00400"
    },
    {
        "name": "1210 mV",
        "hex": "BA0400"
    },
    {
        "name": "1220 mV",
        "hex": "C40400"
    },
    {
        "name": "1235 mV",
        "hex": "D30400"
    }
]


