[
    {
        "name": "0 mV",
        "hex": "00B3"
    },
    {
        "name": "-5 mV",
        "hex": "05B3"
    },
    {
        "name": "-10 mV",
        "hex": "0AB3"
    },
    {
        "name": "-15 mV",
        "hex": "0FB3"
    },
    {
        "name": "-20 mV",
        "hex": "14B3"
    },
    {
        "name": "-25 mV",
        "hex": "19B3"
    },
    {
        "name": "-30 mV",
        "hex": "1EB3"
    },
    {
        "name": "-35 mV",
        "hex": "23B3"
    },
    {
        "name": "-40 mV",
        "hex": "28B3"
    },
    {
        "name": "-45 mV",
        "hex": "2DB3"
    },
    {
        "name": "-50 mV",
        "hex": "32B3"
    },
    {
        "name": "-55 mV",
        "hex": "37B3"
    },
    {
        "name": "-60 mV",
        "hex": "3CB3"
    },
    {
        "name": "-65 mV",
        "hex": "41B3"
    },
    {
        "name": "-70 mV",
        "hex": "46B3"
    }
]