[
    {
        "name": "Do not override",
        "label": "Do not override",
        "hex": "000000"
    },
    {
        "name": "1100 uV",
        "label": "1100 uV - default",
        "hex": "E0C810"
    },
    {
        "name": "1125 uV",
        "label": "1125 uV",
        "hex": "882A11"
    },
    {
        "name": "1150 uV",
        "label": "1150 uV",
        "hex": "308C11"
    },
    {
        "name": "1175 uV",
        "label": "1175 uV",
        "hex": "D8ED11"
    },
    {
        "name": "1200 uV",
        "label": "1200 uV",
        "hex": "804F12"
    },
    {
        "name": "1225 uV",
        "label": "1225 uV - unsafe",
        "hex": "28B112"
    },
    {
        "name": "1250 uV",
        "label": "1250 uV - unsafe",
        "hex": "D01213"
    },
    {
        "name": "1275 uV",
        "label": "1275 uV - dangerous",
        "hex": "787413"
    },
    {
        "name": "1300 uV",
        "label": "1300 uV - dangerous",
        "hex": "20D613"
    },
    {
        "name": "1325 uV",
        "label": "1325 uV - dangerous",
        "hex": "C83714"
    },
    {
        "name": "1350 uV",
        "label": "1350 uV - dangerous",
        "hex": "709914"
    }
]
