[
  {
    "name": "Don't adjust",
    "dec": "0"
  },
  {
    "name": "1050.0 uV",
    "dec": "1050000"
  },
  {
    "name": "1062.5 uV",
    "dec": "1062500"
  },
  {
    "name": "1075.0 uV",
    "dec": "1075000"
  },
  {
    "name": "1087.5 uV",
    "dec": "1087500"
  },
  {
    "name": "1100.0 uV - Default",
    "dec": "1100000"
  },
  {
    "name": "1112.5 uV",
    "dec": "1112500"
  },
  {
    "name": "1125.0 uV",
    "dec": "1125000"
  },
  {
    "name": "1137.5 uV",
    "dec": "1137500"
  },
  {
    "name": "1150.0 uV",
    "dec": "1150000"
  },
  {
    "name": "1162.5 uV",
    "dec": "1162500"
  },
  {
    "name": "1175.0 uV",
    "dec": "1175000"
  },
  {
    "name": "1187.5 uV",
    "dec": "1187500"
  },
  {
    "name": "1200.0 uV",
    "dec": "1200000"
  },
  {
    "name": "1212.5 uV",
    "dec": "1212500"
  },
  {
    "name": "1225.0 uV",
    "dec": "1225000"
  },
  {
    "name": "1237.5 uV",
    "dec": "1237500"
  },
  {
    "name": "1250.0 uV",
    "dec": "1250000"
  }
]