[
    {
        "name": "1227 mV",
        "hex": "CB040000"
    },
    {
        "name": "1237 mV",
        "hex": "D5040000"
    },
    {
        "name": "1247 mV",
        "hex": "DF040000"
    },
    {
        "name": "1257 mV",
        "hex": "E9040000"
    },
    {
        "name": "1267 mV",
        "hex": "F3040000"
    },
    {
        "name": "1277 mV",
        "hex": "FD040000"
    },
    {
        "name": "1287 mV",
        "hex": "07050000"
    },
    {
        "name": "1297 mV",
        "hex": "11050000"
    }
]