[
  {
    "name": "Unset",
    "dec": "0"
  },
  {
    "name": "925 mV",
    "dec": "925000",
    "color": "Red"
  },
  {
    "name": "937.5 mV",
    "dec": "937500",
    "color": "Red"
  },
  {
    "name": "950 mV",
    "dec": "950000",
    "color": "Red"
  },
  {
    "name": "962.5 mV",
    "dec": "962500",
    "color": "Red"
  },
  {
    "name": "975 mV",
    "dec": "975000",
    "color": "Red"
  },
  {
    "name": "987.5 mV",
    "dec": "987500",
    "color": "Red"
  },
  {
    "name": "1000 mV",
    "dec": "1000000",
    "color": "Red"
  },
  {
    "name": "1012.5 mV",
    "dec": "1012500",
    "color": "Red"
  },
  {
    "name": "1025 mV",
    "dec": "1025000",
    "color": "Red"
  },
  {
    "name": "1037.5 mV",
    "dec": "1037500",
    "color": "Red"
  },
  {
    "name": "1050 mV",
    "dec": "1050000"
  },
  {
    "name": "1062.5 mV",
    "dec": "1062500"
  },
  {
    "name": "1075 mV",
    "dec": "1075000"
  },
  {
    "name": "1087.5 mV",
    "dec": "1087500"
  },
  {
    "name": "1100 mV",
    "dec": "1100000"
  },
  {
    "name": "1112.5 mV",
    "dec": "1112500"
  },
  {
    "name": "1125 mV - Default",
    "dec": "1125000"
  },
  {
    "name": "1137.5 mV",
    "dec": "1137500"
  },
  {
    "name": "1150 mV",
    "dec": "1150000"
  },
  {
    "name": "1162.5 mV",
    "dec": "1162500"
  },
  {
    "name": "1175 mV",
    "dec": "1175000"
  },
  {
    "name": "1187.5 mV",
    "dec": "1187500"
  },
  {
    "name": "1200 mV",
    "dec": "1200000"
  },
  {
    "name": "1212.5 mV",
    "dec": "1212500"
  },
  {
    "name": "1225 mV",
    "dec": "1225000",
    "color": "Orange"
  },
  {
    "name": "1237.5 mV",
    "dec": "1237500",
    "color": "Orange"
  },
  {
    "name": "1250 mV",
    "dec": "1250000",
    "color": "Orange"
  },
  {
    "name": "1262.5 mV",
    "dec": "1262500",
    "color": "Red"
  },
  {
    "name": "1275 mV",
    "dec": "1275000",
    "color": "Red"
  },
  {
    "name": "1287.5 mV",
    "dec": "1287500",
    "color": "Red"
  },
  {
    "name": "1300 mV",
    "dec": "1300000",
    "color": "Red"
  },
  {
    "name": "1312.5 mV",
    "dec": "1312500",
    "color": "Red"
  },
  {
    "name": "1325 mV",
    "dec": "1325000",
    "color": "Red"
  },
  {
    "name": "1337.5 mV",
    "dec": "1337500",
    "color": "Red"
  },
  {
    "name": "1350 mV",
    "dec": "1350000",
    "color": "Red"
  }
]