[
    {
        "name": "720 mV",
        "hex": "D0020000"
    },
    {
        "name": "725 mV",
        "hex": "D5020000"
    },
    {
        "name": "730 mV",
        "hex": "DA020000"
    },
    {
        "name": "735 mV",
        "hex": "DF020000"
    },
    {
        "name": "740 mV",
        "hex": "E4020000"
    },
    {
        "name": "745 mV",
        "hex": "E9020000"
    },
    {
        "name": "750 mV",
        "hex": "EE020000"
    },
    {
        "name": "755 mV",
        "hex": "F3020000"
    },
    {
        "name": "760 mV",
        "hex": "F8020000"
    },
    {
        "name": "765 mV",
        "hex": "FD020000"
    },
    {
        "name": "770 mV",
        "hex": "02030000"
    },
    {
        "name": "775 mV",
        "hex": "07030000"
    },
    {
        "name": "780 mV",
        "hex": "0C030000"
    },
    {
        "name": "785 mV",
        "hex": "11030000"
    },
    {
        "name": "790 mV",
        "hex": "16030000"
    },
    {
        "name": "795 mV",
        "hex": "1B030000"
    },
    {
        "name": "800 mV",
        "hex": "20030000"
    },
    {
        "name": "805 mV",
        "hex": "25030000"
    },
    {
        "name": "810 mV - Default",
        "hex": "2A030000"
    }
]