[
    {
        "name": "550 mV",
        "hex": "26020000"
    },
    {
        "name": "555 mV",
        "hex": "2B020000"
    },
    {
        "name": "560 mV",
        "hex": "30200000"
    },
    {
        "name": "565 mV",
        "hex": "35020000"
    },
    {
        "name": "570 mV",
        "hex": "3A020000"
    },
    {
        "name": "575 mV",
        "hex": "3F020000"
    },
    {
        "name": "580 mV",
        "hex": "44020000"
    },
    {
        "name": "585 mV",
        "hex": "49020000"
    },
    {
        "name": "590 mV",
        "hex": "4E020000"
    },
    {
        "name": "595 mV",
        "hex": "53020000"
    },
    {
        "name": "600 mV",
        "hex": "58020000"
    },
    {
        "name": "605 mV",
        "hex": "5D020000"
    },
    {
        "name": "610 mV",
        "hex": "62020000"
    },
    {
        "name": "615 mV",
        "hex": "67020000"
    },
    {
        "name": "620 mV",
        "hex": "6C020000"
    },
    {
        "name": "625 mV",
        "hex": "71020000"
    },
    {
        "name": "630 mV",
        "hex": "76020000"
    },
    {
        "name": "635 mV",
        "hex": "7B020000"
    },
    {
        "name": "640 mV",
        "hex": "80020000"
    },
    {
        "name": "645 mV",
        "hex": "85020000"
    },
    {
        "name": "650 mV",
        "hex": "8A020000"
    },
    {
        "name": "655 mV",
        "hex": "8F020000"
    },
    {
        "name": "660 mV",
        "hex": "94020000"
    },
    {
        "name": "665 mV",
        "hex": "99020000"
    },
    {
        "name": "670 mV",
        "hex": "9E020000"
    },
    {
        "name": "675 mV",
        "hex": "A3020000"
    },
    {
        "name": "680 mV",
        "hex": "A8020000"
    },
    {
        "name": "685 mV",
        "hex": "AD020000"
    },
    {
        "name": "690 mV",
        "hex": "B2020000"
    },
    {
        "name": "695 mV",
        "hex": "B7020000"
    },
    {
        "name": "700 mV",
        "hex": "BC020000"
    },
    {
        "name": "705 mV",
        "hex": "C1020000"
    },
    {
        "name": "710 mV",
        "hex": "C6020000"
    },
    {
        "name": "715 mV",
        "hex": "CB020000"
    },
    {
        "name": "720 mV",
        "hex": "D0020000"
    },
    {
        "name": "725 mV",
        "hex": "D5020000"
    },
    {
        "name": "730 mV",
        "hex": "DA020000"
    },
    {
        "name": "735 mV",
        "hex": "DF020000"
    },
    {
        "name": "740 mV",
        "hex": "E4020000"
    },
    {
        "name": "745 mV",
        "hex": "E9020000"
    },
    {
        "name": "750 mV",
        "hex": "EE020000"
    },
    {
        "name": "755 mV",
        "hex": "F3020000"
    },
    {
        "name": "760 mV",
        "hex": "F8020000"
    },
    {
        "name": "765 mV",
        "hex": "FD020000"
    },
    {
        "name": "770 mV",
        "hex": "02030000"
    },
    {
        "name": "775 mV",
        "hex": "07030000"
    },
    {
        "name": "780 mV",
        "hex": "0C030000"
    },
    {
        "name": "785 mV",
        "hex": "11030000"
    },
    {
        "name": "790 mV",
        "hex": "16030000"
    },
    {
        "name": "795 mV",
        "hex": "1B030000"
    },
    {
        "name": "800 mV",
        "hex": "20030000"
    },
    {
        "name": "805 mV",
        "hex": "25030000"
    },
    {
        "name": "810 mV",
        "hex": "2A030000"
    },
    {
        "name": "815 mV",
        "hex": "2F030000"
    },
    {
        "name": "820 mV",
        "hex": "34030000"
    },
    {
        "name": "825 mV",
        "hex": "39030000"
    },
    {
        "name": "830 mV",
        "hex": "3E030000"
    },
    {
        "name": "835 mV",
        "hex": "43030000"
    },
    {
        "name": "840 mV",
        "hex": "48030000"
    },
    {
        "name": "845 mV",
        "hex": "4D030000"
    },
    {
        "name": "850 mV",
        "hex": "52030000"
    },
    {
        "name": "855 mV",
        "hex": "57030000"
    },
    {
        "name": "860 mV",
        "hex": "5C030000"
    },
    {
        "name": "865 mV",
        "hex": "61030000"
    },
    {
        "name": "870 mV",
        "hex": "66030000"
    },
    {
        "name": "875 mV",
        "hex": "6B030000"
    },
    {
        "name": "880 mV",
        "hex": "70030000"
    },
    {
        "name": "885 mV",
        "hex": "75030000"
    },
    {
        "name": "890 mV",
        "hex": "7A030000"
    },
    {
        "name": "895 mV",
        "hex": "7F030000"
    },
    {
        "name": "900 mV",
        "hex": "84030000"
    },
    {
        "name": "905 mV",
        "hex": "89030000"
    },
    {
        "name": "910 mV",
        "hex": "8E030000"
    },
    {
        "name": "915 mV",
        "hex": "93030000"
    },
    {
        "name": "920 mV",
        "hex": "98030000"
    },
    {
        "name": "925 mV",
        "hex": "9D030000"
    },
    {
        "name": "930 mV",
        "hex": "A2030000"
    },
    {
        "name": "935 mV",
        "hex": "A7030000"
    },
    {
        "name": "940 mV",
        "hex": "AC030000"
    },
    {
        "name": "945 mV",
        "hex": "B1030000"
    },
    {
        "name": "950 mV",
        "hex": "B6030000"
    },
    {
        "name": "955 mV",
        "hex": "BB030000"
    },
    {
        "name": "960 mV",
        "hex": "C0030000"
    },
    {
        "name": "965 mV",
        "hex": "C5030000"
    },
    {
        "name": "970 mV",
        "hex": "CA030000"
    },
    {
        "name": "975 mV",
        "hex": "CF030000"
    },
    {
        "name": "980 mV",
        "hex": "D4030000"
    },
    {
        "name": "985 mV",
        "hex": "D9030000"
    },
    {
        "name": "990 mV",
        "hex": "DE030000"
    },
    {
        "name": "995 mV",
        "hex": "E3030000"
    },
    {
        "name": "1000 mV",
        "hex": "E8030000"
    }
]