{
    "asm": {
        "OC Bundle": "https://github.com/snupt/Switch-OC-Suite-Bundle/raw/main/OCBundle.zip"
    },
    "misc": {
        "OC Suite": "https://github.com/snupt/Switch-OC-Suite-Bundle/raw/main/OCSuite.zip",
        "FPS Locker Mods": "https://github.com/snupt/Switch-OC-Suite-Bundle/raw/main/FPSLockerMods.zip",
        "Zelda TOTK 60FPS Mod": "https://github.com/snupt/Switch-OC-Suite-Bundle/raw/main/TOTK60fps.zip",
        "Refresh": "https://github.com/snupt/Switch-OC-Suite-Bundle/raw/main/AIO.zip"
    }
}