[
    {
        "name": "1120 mV",
        "label": "1120 mV - default",
        "hex": "600400"
    },
    {
        "name": "1140 mV",
        "label": "1140 mV",
        "hex": "740400"
    },
    {
        "name": "1150 mV",
        "label": "1150 mV",
        "hex": "7E0400"
    },
    {
        "name": "1160 mV",
        "label": "1160 mV",
        "hex": "880400"
    },
    {
        "name": "1170 mV",
        "label": "1170 mV",
        "hex": "920400"
    },
    {
        "name": "1180 mV",
        "label": "1180 mV",
        "hex": "9C0400"
    },
    {
        "name": "1190 mV",
        "label": "1190 mV",
        "hex": "A60400"
    },
    {
        "name": "1200 mV",
        "label": "1200 mV",
        "hex": "B00400"
    },
    {
        "name": "1210 mV",
        "label": "1210 mV",
        "hex": "BA0400"
    },
    {
        "name": "1220 mV",
        "label": "1220 mV",
        "hex": "C40400"
    },
    {
        "name": "1235 mV",
        "label": "1235 mV",
        "hex": "D30400"
    },
    {
        "name": "1240 mV",
        "label": "1240 mV - unsafe",
        "hex": "D80400"
    },
    {
        "name": "1250 mV",
        "label": "1250 mV - unsafe",
        "hex": "E20400"
    },
    {
        "name": "1260 mV",
        "label": "1260 mV - unsafe",
        "hex": "EC0400"
    },
    {
        "name": "1270 mV",
        "label": "1270 mV - unsafe",
        "hex": "F60400"
    },
    {
        "name": "1280 mV",
        "label": "1280 mV - unsafe",
        "hex": "000500"
    },
    {
        "name": "1290 mV",
        "label": "1290 mV - unsafe",
        "hex": "0A0500"
    },
    {
        "name": "1300 mV",
        "label": "1300 mV - unsafe",
        "hex": "140500"
    }
]


