[
    {
        "name": "Do not override",
        "label": "Do not override",
        "hex": "000000"
    },
    {
        "name": "1050.0 uV",
        "label": "1050.0 uV",
        "hex": "900510"
    },
    {
        "name": "1062.5 uV",
        "label": "1062.5 uV",
        "hex": "643610"
    },
    {
        "name": "1075.0 uV",
        "label": "1075.0 uV",
        "hex": "386710"
    },
    {
        "name": "1087.5 uV",
        "label": "1087.5 uV",
        "hex": "0C9810"
    },
    {
        "name": "1100 uV",
        "label": "1100 uV - Default",
        "hex": "E0C810"
    },
    {
        "name": "1125 uV",
        "label": "1125 uV",
        "hex": "882A11"
    },
    {
        "name": "1150 uV",
        "label": "1150 uV",
        "hex": "308C11"
    },
    {
        "name": "1175 uV",
        "label": "1175 uV",
        "hex": "D8ED11"
    },
    {
        "name": "1200 uV",
        "label": "1200 uV",
        "hex": "804F12"
    },
    {
        "name": "1225 uV",
        "label": "1225 uV - Unsafe",
        "hex": "28B112"
    },
    {
        "name": "1250 uV",
        "label": "1250 uV - Unsafe",
        "hex": "D01213"
    }
]
