[
  {
    "name": "-3 - -75 mV",
    "hex": "FDFFFFFF"
  },
  {
    "name": "-2 - -50 mV",
    "hex": "FEFFFFFF"
  },
  {
    "name": "-1 - -25 mV",
    "hex": "FFFFFFFF"
  },
  {
    "name": "Auto - Default",
    "hex": "00000000"
  },
  {
    "name": "1 - +25 mV",
    "hex": "01000000"
  },
  {
    "name": "2 - +50 mV",
    "hex": "02000000"
  },
  {
    "name": "3 - +75 mV",
    "hex": "03000000"
  },
  {
    "name": "4 - +100 mV",
    "hex": "04000000"
  },
  {
    "name": "5 - +125 mV",
    "hex": "05000000"
  }
]