[
  {
    "name": "Don't adjust",
    "dec": "0"
  },
  {
    "name": "500 mV",
    "dec": "500000",
    "color": "Red"
  },
  {
    "name": "505 mV",
    "dec": "505000",
    "color": "Red"
  },
  {
    "name": "510 mV",
    "dec": "510000",
    "color": "Red"
  },
  {
    "name": "515 mV",
    "dec": "515000",
    "color": "Red"
  },
  {
    "name": "520 mV",
    "dec": "520000",
    "color": "Red"
  },
  {
    "name": "525 mV",
    "dec": "525000",
    "color": "Red"
  },
  {
    "name": "530 mV",
    "dec": "530000",
    "color": "Red"
  },
  {
    "name": "535 mV",
    "dec": "535000",
    "color": "Red"
  },
  {
    "name": "540 mV",
    "dec": "540000",
    "color": "Red"
  },
  {
    "name": "545 mV",
    "dec": "545000",
    "color": "Red"
  },
  {
    "name": "550 mV",
    "dec": "550000",
    "color": "Red"
  },
  {
    "name": "555 mV",
    "dec": "555000",
    "color": "Red"
  },
  {
    "name": "560 mV",
    "dec": "560000",
    "color": "Red"
  },
  {
    "name": "565 mV",
    "dec": "565000",
    "color": "Red"
  },
  {
    "name": "570 mV",
    "dec": "570000",
    "color": "Orange"
  },
  {
    "name": "575 mV",
    "dec": "575000",
    "color": "Orange"
  },
  {
    "name": "580 mV",
    "dec": "580000",
    "color": "Orange"
  },
  {
    "name": "585 mV",
    "dec": "585000",
    "color": "Orange"
  },
  {
    "name": "590 mV",
    "dec": "590000",
    "color": "Orange"
  },
  {
    "name": "595 mV",
    "dec": "595000",
    "color": "Orange"
  },
  {
    "name": "600 mV - Default",
    "dec": "600000"
  },
  {
    "name": "605 mV",
    "dec": "605000"
  },
  {
    "name": "610 mV",
    "dec": "610000"
  },
  {
    "name": "615 mV",
    "dec": "615000"
  },
  {
    "name": "620 mV",
    "dec": "620000"
  },
  {
    "name": "625 mV",
    "dec": "625000"
  },
  {
    "name": "630 mV",
    "dec": "630000"
  },
  {
    "name": "635 mV",
    "dec": "635000"
  },
  {
    "name": "640 mV",
    "dec": "640000"
  },
  {
    "name": "645 mV",
    "dec": "645000"
  },
  {
    "name": "650 mV",
    "dec": "650000"
  }
]