[
  {
    "name": "42",
    "dec": "42"
  },
  {
    "name": "39",
    "dec": "39"
  },
  {
    "name": "36",
    "dec": "36"
  },
  {
    "name": "34",
    "dec": "34"
  },
  {
    "name": "33",
    "dec": "33"
  },
  {
    "name": "32",
    "dec": "32"
  },
  {
    "name": "31",
    "dec": "31"
  },
  {
    "name": "30",
    "dec": "30"
  },
  {
    "name": "29",
    "dec": "29"
  },
  {
    "name": "28",
    "dec": "28"
  },
  {
    "name": "27",
    "dec": "27"
  },
  {
    "name": "26",
    "dec": "26"
  },
  {
    "name": "25",
    "dec": "25"
  },
  {
    "name": "24",
    "dec": "24"
  },
  {
    "name": "23",
    "dec": "23"
  },
  {
    "name": "22",
    "dec": "22"
  },
  {
    "name": "21",
    "dec": "21"
  },
  {
    "name": "20",
    "dec": "20"
  },
  {
    "name": "19",
    "dec": "19"
  },
  {
    "name": "18",
    "dec": "18"
  },
  {
    "name": "17",
    "dec": "17"
  }
]