[
  {
    "name": "Set value",
    "dec": "0"
  },
  {
    "name": "1480",
    "dec": "1480"
  },
  {
    "name": "1481",
    "dec": "1481"
  },
  {
    "name": "1482",
    "dec": "1482"
  },
  {
    "name": "1483",
    "dec": "1483"
  },
  {
    "name": "1484",
    "dec": "1484"
  },
  {
    "name": "1485",
    "dec": "1485"
  },
  {
    "name": "1486",
    "dec": "1486"
  },
  {
    "name": "1487",
    "dec": "1487"
  },
  {
    "name": "1488",
    "dec": "1488"
  },
  {
    "name": "1489",
    "dec": "1489"
  },
  {
    "name": "1490",
    "dec": "1490"
  },
  {
    "name": "1491",
    "dec": "1491"
  },
  {
    "name": "1492",
    "dec": "1492"
  },
  {
    "name": "1493",
    "dec": "1493"
  },
  {
    "name": "1494",
    "dec": "1494"
  },
  {
    "name": "1495",
    "dec": "1495"
  },
  {
    "name": "1496",
    "dec": "1496"
  },
  {
    "name": "1497",
    "dec": "1497"
  },
  {
    "name": "1498",
    "dec": "1498"
  },
  {
    "name": "1499",
    "dec": "1499"
  },
  {
    "name": "1500",
    "dec": "1500"
  },
  {
    "name": "1501",
    "dec": "1501"
  },
  {
    "name": "1502",
    "dec": "1502"
  },
  {
    "name": "1503",
    "dec": "1503"
  },
  {
    "name": "1504",
    "dec": "1504"
  },
  {
    "name": "1505",
    "dec": "1505"
  },
  {
    "name": "1506",
    "dec": "1506"
  },
  {
    "name": "1507",
    "dec": "1507"
  },
  {
    "name": "1508",
    "dec": "1508"
  },
  {
    "name": "1509",
    "dec": "1509"
  },
  {
    "name": "1510",
    "dec": "1510"
  },
  {
    "name": "1511",
    "dec": "1511"
  },
  {
    "name": "1512",
    "dec": "1512"
  },
  {
    "name": "1513",
    "dec": "1513"
  },
  {
    "name": "1514",
    "dec": "1514"
  },
  {
    "name": "1515",
    "dec": "1515"
  },
  {
    "name": "1516",
    "dec": "1516"
  },
  {
    "name": "1517",
    "dec": "1517"
  },
  {
    "name": "1518",
    "dec": "1518"
  },
  {
    "name": "1519",
    "dec": "1519"
  },
  {
    "name": "1520",
    "dec": "1520"
  },
  {
    "name": "1521",
    "dec": "1521"
  },
  {
    "name": "1522",
    "dec": "1522"
  },
  {
    "name": "1523",
    "dec": "1523"
  },
  {
    "name": "1524",
    "dec": "1524"
  },
  {
    "name": "1525",
    "dec": "1525"
  },
  {
    "name": "1526",
    "dec": "1526"
  },
  {
    "name": "1527",
    "dec": "1527"
  },
  {
    "name": "1528",
    "dec": "1528"
  },
  {
    "name": "1529",
    "dec": "1529"
  },
  {
    "name": "1530",
    "dec": "1530"
  },
  {
    "name": "1531",
    "dec": "1531"
  },
  {
    "name": "1532",
    "dec": "1532"
  },
  {
    "name": "1533",
    "dec": "1533"
  },
  {
    "name": "1534",
    "dec": "1534"
  },
  {
    "name": "1535",
    "dec": "1535"
  },
  {
    "name": "1536",
    "dec": "1536"
  },
  {
    "name": "1537",
    "dec": "1537"
  },
  {
    "name": "1538",
    "dec": "1538"
  },
  {
    "name": "1539",
    "dec": "1539"
  },
  {
    "name": "1540",
    "dec": "1540"
  },
  {
    "name": "1541",
    "dec": "1541"
  },
  {
    "name": "1542",
    "dec": "1542"
  },
  {
    "name": "1543",
    "dec": "1543"
  },
  {
    "name": "1544",
    "dec": "1544"
  },
  {
    "name": "1545",
    "dec": "1545"
  },
  {
    "name": "1546",
    "dec": "1546"
  },
  {
    "name": "1547",
    "dec": "1547"
  },
  {
    "name": "1548",
    "dec": "1548"
  },
  {
    "name": "1549",
    "dec": "1549"
  },
  {
    "name": "1550",
    "dec": "1550"
  },
  {
    "name": "1551",
    "dec": "1551"
  },
  {
    "name": "1552",
    "dec": "1552"
  },
  {
    "name": "1553",
    "dec": "1553"
  },
  {
    "name": "1554",
    "dec": "1554"
  },
  {
    "name": "1555",
    "dec": "1555"
  },
  {
    "name": "1556",
    "dec": "1556"
  },
  {
    "name": "1557",
    "dec": "1557"
  },
  {
    "name": "1558",
    "dec": "1558"
  },
  {
    "name": "1559",
    "dec": "1559"
  },
  {
    "name": "1560",
    "dec": "1560"
  },
  {
    "name": "1561",
    "dec": "1561"
  },
  {
    "name": "1562",
    "dec": "1562"
  },
  {
    "name": "1563",
    "dec": "1563"
  },
  {
    "name": "1564",
    "dec": "1564"
  },
  {
    "name": "1565",
    "dec": "1565"
  },
  {
    "name": "1566",
    "dec": "1566"
  },
  {
    "name": "1567",
    "dec": "1567"
  },
  {
    "name": "1568",
    "dec": "1568"
  },
  {
    "name": "1569",
    "dec": "1569"
  },
  {
    "name": "1570",
    "dec": "1570"
  },
  {
    "name": "1571",
    "dec": "1571"
  },
  {
    "name": "1572",
    "dec": "1572"
  },
  {
    "name": "1573",
    "dec": "1573"
  },
  {
    "name": "1574",
    "dec": "1574"
  },
  {
    "name": "1575",
    "dec": "1575"
  },
  {
    "name": "1576",
    "dec": "1576"
  },
  {
    "name": "1577",
    "dec": "1577"
  },
  {
    "name": "1578",
    "dec": "1578"
  },
  {
    "name": "1579",
    "dec": "1579"
  },
  {
    "name": "1580",
    "dec": "1580"
  },
  {
    "name": "1581",
    "dec": "1581"
  },
  {
    "name": "1582",
    "dec": "1582"
  },
  {
    "name": "1583",
    "dec": "1583"
  },
  {
    "name": "1584",
    "dec": "1584"
  },
  {
    "name": "1585",
    "dec": "1585"
  },
  {
    "name": "1586",
    "dec": "1586"
  },
  {
    "name": "1587",
    "dec": "1587"
  },
  {
    "name": "1588",
    "dec": "1588"
  },
  {
    "name": "1589",
    "dec": "1589"
  },
  {
    "name": "1590",
    "dec": "1590"
  },
  {
    "name": "1591",
    "dec": "1591"
  },
  {
    "name": "1592",
    "dec": "1592"
  },
  {
    "name": "1593",
    "dec": "1593"
  },
  {
    "name": "1594",
    "dec": "1594"
  },
  {
    "name": "1595",
    "dec": "1595"
  },
  {
    "name": "1596",
    "dec": "1596"
  },
  {
    "name": "1597",
    "dec": "1597"
  },
  {
    "name": "1598",
    "dec": "1598"
  },
  {
    "name": "1599",
    "dec": "1599"
  },
  {
    "name": "1600",
    "dec": "1600"
  },
  {
    "name": "1601",
    "dec": "1601"
  },
  {
    "name": "1602",
    "dec": "1602"
  },
  {
    "name": "1603",
    "dec": "1603"
  },
  {
    "name": "1604",
    "dec": "1604"
  },
  {
    "name": "1605",
    "dec": "1605"
  },
  {
    "name": "1606",
    "dec": "1606"
  },
  {
    "name": "1607",
    "dec": "1607"
  },
  {
    "name": "1608",
    "dec": "1608"
  },
  {
    "name": "1609",
    "dec": "1609"
  },
  {
    "name": "1610",
    "dec": "1610"
  },
  {
    "name": "1611",
    "dec": "1611"
  },
  {
    "name": "1612",
    "dec": "1612"
  },
  {
    "name": "1613",
    "dec": "1613"
  },
  {
    "name": "1614",
    "dec": "1614"
  },
  {
    "name": "1615",
    "dec": "1615"
  },
  {
    "name": "1616",
    "dec": "1616"
  },
  {
    "name": "1617",
    "dec": "1617"
  },
  {
    "name": "1618",
    "dec": "1618"
  },
  {
    "name": "1619",
    "dec": "1619"
  },
  {
    "name": "1620",
    "dec": "1620"
  },
  {
    "name": "1621",
    "dec": "1621"
  },
  {
    "name": "1622",
    "dec": "1622"
  },
  {
    "name": "1623",
    "dec": "1623"
  },
  {
    "name": "1624",
    "dec": "1624"
  },
  {
    "name": "1625",
    "dec": "1625"
  },
  {
    "name": "1626",
    "dec": "1626"
  },
  {
    "name": "1627",
    "dec": "1627"
  },
  {
    "name": "1628",
    "dec": "1628"
  },
  {
    "name": "1629",
    "dec": "1629"
  },
  {
    "name": "1630",
    "dec": "1630"
  },
  {
    "name": "1631",
    "dec": "1631"
  },
  {
    "name": "1632",
    "dec": "1632"
  },
  {
    "name": "1633",
    "dec": "1633"
  },
  {
    "name": "1634",
    "dec": "1634"
  },
  {
    "name": "1635",
    "dec": "1635"
  },
  {
    "name": "1636",
    "dec": "1636"
  },
  {
    "name": "1637",
    "dec": "1637"
  },
  {
    "name": "1638",
    "dec": "1638"
  },
  {
    "name": "1639",
    "dec": "1639"
  },
  {
    "name": "1640",
    "dec": "1640"
  },
  {
    "name": "1641",
    "dec": "1641"
  },
  {
    "name": "1642",
    "dec": "1642"
  },
  {
    "name": "1643",
    "dec": "1643"
  },
  {
    "name": "1644",
    "dec": "1644"
  },
  {
    "name": "1645",
    "dec": "1645"
  },
  {
    "name": "1646",
    "dec": "1646"
  },
  {
    "name": "1647",
    "dec": "1647"
  },
  {
    "name": "1648",
    "dec": "1648"
  },
  {
    "name": "1649",
    "dec": "1649"
  },
  {
    "name": "1650",
    "dec": "1650"
  },
  {
    "name": "1651",
    "dec": "1651"
  },
  {
    "name": "1652",
    "dec": "1652"
  },
  {
    "name": "1653",
    "dec": "1653"
  },
  {
    "name": "1654",
    "dec": "1654"
  },
  {
    "name": "1655",
    "dec": "1655"
  },
  {
    "name": "1656",
    "dec": "1656"
  },
  {
    "name": "1657",
    "dec": "1657"
  },
  {
    "name": "1658",
    "dec": "1658"
  },
  {
    "name": "1659",
    "dec": "1659"
  },
  {
    "name": "1660",
    "dec": "1660"
  },
  {
    "name": "1661",
    "dec": "1661"
  },
  {
    "name": "1662",
    "dec": "1662"
  },
  {
    "name": "1663",
    "dec": "1663"
  },
  {
    "name": "1664",
    "dec": "1664"
  },
  {
    "name": "1665",
    "dec": "1665"
  },
  {
    "name": "1666",
    "dec": "1666"
  },
  {
    "name": "1667",
    "dec": "1667"
  },
  {
    "name": "1668",
    "dec": "1668"
  },
  {
    "name": "1669",
    "dec": "1669"
  },
  {
    "name": "1670",
    "dec": "1670"
  },
  {
    "name": "1671",
    "dec": "1671"
  },
  {
    "name": "1672",
    "dec": "1672"
  },
  {
    "name": "1673",
    "dec": "1673"
  },
  {
    "name": "1674",
    "dec": "1674"
  },
  {
    "name": "1675",
    "dec": "1675"
  },
  {
    "name": "1676",
    "dec": "1676"
  },
  {
    "name": "1677",
    "dec": "1677"
  },
  {
    "name": "1678",
    "dec": "1678"
  },
  {
    "name": "1679",
    "dec": "1679"
  },
  {
    "name": "1680",
    "dec": "1680"
  },
  {
    "name": "1681",
    "dec": "1681"
  },
  {
    "name": "1682",
    "dec": "1682"
  },
  {
    "name": "1683",
    "dec": "1683"
  },
  {
    "name": "1684",
    "dec": "1684"
  },
  {
    "name": "1685",
    "dec": "1685"
  },
  {
    "name": "1686",
    "dec": "1686"
  },
  {
    "name": "1687",
    "dec": "1687"
  },
  {
    "name": "1688",
    "dec": "1688"
  },
  {
    "name": "1689",
    "dec": "1689"
  },
  {
    "name": "1690",
    "dec": "1690"
  },
  {
    "name": "1691",
    "dec": "1691"
  },
  {
    "name": "1692",
    "dec": "1692"
  },
  {
    "name": "1693",
    "dec": "1693"
  },
  {
    "name": "1694",
    "dec": "1694"
  },
  {
    "name": "1695",
    "dec": "1695"
  },
  {
    "name": "1696",
    "dec": "1696"
  },
  {
    "name": "1697",
    "dec": "1697"
  },
  {
    "name": "1698",
    "dec": "1698"
  },
  {
    "name": "1699",
    "dec": "1699"
  },
  {
    "name": "1700",
    "dec": "1700"
  },
  {
    "name": "1701",
    "dec": "1701"
  },
  {
    "name": "1702",
    "dec": "1702"
  },
  {
    "name": "1703",
    "dec": "1703"
  },
  {
    "name": "1704",
    "dec": "1704"
  },
  {
    "name": "1705",
    "dec": "1705"
  },
  {
    "name": "1706",
    "dec": "1706"
  },
  {
    "name": "1707",
    "dec": "1707"
  },
  {
    "name": "1708",
    "dec": "1708"
  },
  {
    "name": "1709",
    "dec": "1709"
  },
  {
    "name": "1710",
    "dec": "1710"
  },
  {
    "name": "1711",
    "dec": "1711"
  },
  {
    "name": "1712",
    "dec": "1712"
  },
  {
    "name": "1713",
    "dec": "1713"
  },
  {
    "name": "1714",
    "dec": "1714"
  },
  {
    "name": "1715",
    "dec": "1715"
  },
  {
    "name": "1716",
    "dec": "1716"
  },
  {
    "name": "1717",
    "dec": "1717"
  },
  {
    "name": "1718",
    "dec": "1718"
  },
  {
    "name": "1719",
    "dec": "1719"
  },
  {
    "name": "1720",
    "dec": "1720"
  },
  {
    "name": "1721",
    "dec": "1721"
  },
  {
    "name": "1722",
    "dec": "1722"
  },
  {
    "name": "1723",
    "dec": "1723"
  },
  {
    "name": "1724",
    "dec": "1724"
  },
  {
    "name": "1725",
    "dec": "1725"
  },
  {
    "name": "1726",
    "dec": "1726"
  },
  {
    "name": "1727",
    "dec": "1727"
  },
  {
    "name": "1728",
    "dec": "1728"
  },
  {
    "name": "1729",
    "dec": "1729"
  },
  {
    "name": "1730",
    "dec": "1730"
  },
  {
    "name": "1731",
    "dec": "1731"
  },
  {
    "name": "1732",
    "dec": "1732"
  },
  {
    "name": "1733",
    "dec": "1733"
  },
  {
    "name": "1734",
    "dec": "1734"
  },
  {
    "name": "1735",
    "dec": "1735"
  },
  {
    "name": "1736",
    "dec": "1736"
  },
  {
    "name": "1737",
    "dec": "1737"
  },
  {
    "name": "1738",
    "dec": "1738"
  },
  {
    "name": "1739",
    "dec": "1739"
  },
  {
    "name": "1740",
    "dec": "1740"
  },
  {
    "name": "1741",
    "dec": "1741"
  },
  {
    "name": "1742",
    "dec": "1742"
  },
  {
    "name": "1743",
    "dec": "1743"
  },
  {
    "name": "1744",
    "dec": "1744"
  },
  {
    "name": "1745",
    "dec": "1745"
  },
  {
    "name": "1746",
    "dec": "1746"
  },
  {
    "name": "1747",
    "dec": "1747"
  },
  {
    "name": "1748",
    "dec": "1748"
  },
  {
    "name": "1749",
    "dec": "1749"
  },
  {
    "name": "1750",
    "dec": "1750"
  },
  {
    "name": "1751",
    "dec": "1751"
  },
  {
    "name": "1752",
    "dec": "1752"
  },
  {
    "name": "1753",
    "dec": "1753"
  },
  {
    "name": "1754",
    "dec": "1754"
  },
  {
    "name": "1755",
    "dec": "1755"
  },
  {
    "name": "1756",
    "dec": "1756"
  },
  {
    "name": "1757",
    "dec": "1757"
  },
  {
    "name": "1758",
    "dec": "1758"
  },
  {
    "name": "1759",
    "dec": "1759"
  },
  {
    "name": "1760",
    "dec": "1760"
  },
  {
    "name": "1761",
    "dec": "1761"
  },
  {
    "name": "1762",
    "dec": "1762"
  },
  {
    "name": "1763",
    "dec": "1763"
  },
  {
    "name": "1764",
    "dec": "1764"
  },
  {
    "name": "1765",
    "dec": "1765"
  },
  {
    "name": "1766",
    "dec": "1766"
  },
  {
    "name": "1767",
    "dec": "1767"
  },
  {
    "name": "1768",
    "dec": "1768"
  },
  {
    "name": "1769",
    "dec": "1769"
  },
  {
    "name": "1770",
    "dec": "1770"
  },
  {
    "name": "1771",
    "dec": "1771"
  },
  {
    "name": "1772",
    "dec": "1772"
  },
  {
    "name": "1773",
    "dec": "1773"
  },
  {
    "name": "1774",
    "dec": "1774"
  },
  {
    "name": "1775",
    "dec": "1775"
  },
  {
    "name": "1776",
    "dec": "1776"
  },
  {
    "name": "1777",
    "dec": "1777"
  },
  {
    "name": "1778",
    "dec": "1778"
  },
  {
    "name": "1779",
    "dec": "1779"
  },
  {
    "name": "1780",
    "dec": "1780"
  },
  {
    "name": "1781",
    "dec": "1781"
  },
  {
    "name": "1782",
    "dec": "1782"
  },
  {
    "name": "1783",
    "dec": "1783"
  },
  {
    "name": "1784",
    "dec": "1784"
  },
  {
    "name": "1785",
    "dec": "1785"
  },
  {
    "name": "1786",
    "dec": "1786"
  },
  {
    "name": "1787",
    "dec": "1787"
  },
  {
    "name": "1788",
    "dec": "1788"
  },
  {
    "name": "1789",
    "dec": "1789"
  },
  {
    "name": "1790",
    "dec": "1790"
  },
  {
    "name": "1791",
    "dec": "1791"
  },
  {
    "name": "1792",
    "dec": "1792"
  },
  {
    "name": "1793",
    "dec": "1793"
  },
  {
    "name": "1794",
    "dec": "1794"
  },
  {
    "name": "1795",
    "dec": "1795"
  },
  {
    "name": "1796",
    "dec": "1796"
  },
  {
    "name": "1797",
    "dec": "1797"
  },
  {
    "name": "1798",
    "dec": "1798"
  },
  {
    "name": "1799",
    "dec": "1799"
  },
  {
    "name": "1800",
    "dec": "1800"
  }
]