[
  {
    "url": "https://api.github.com/repos/XorTroll/emuiibo/releases/119699213",
    "assets_url": "https://api.github.com/repos/XorTroll/emuiibo/releases/119699213/assets",
    "upload_url": "https://uploads.github.com/repos/XorTroll/emuiibo/releases/119699213/assets{?name,label}",
    "html_url": "https://github.com/XorTroll/emuiibo/releases/tag/1.1.1",
    "id": 119699213,
    "author": {
      "login": "XorTroll",
      "id": 33005497,
      "node_id": "MDQ6VXNlcjMzMDA1NDk3",
      "avatar_url": "https://avatars.githubusercontent.com/u/33005497?v=4",
      "gravatar_id": "",
      "url": "https://api.github.com/users/XorTroll",
      "html_url": "https://github.com/XorTroll",
      "followers_url": "https://api.github.com/users/XorTroll/followers",
      "following_url": "https://api.github.com/users/XorTroll/following{/other_user}",
      "gists_url": "https://api.github.com/users/XorTroll/gists{/gist_id}",
      "starred_url": "https://api.github.com/users/XorTroll/starred{/owner}{/repo}",
      "subscriptions_url": "https://api.github.com/users/XorTroll/subscriptions",
      "organizations_url": "https://api.github.com/users/XorTroll/orgs",
      "repos_url": "https://api.github.com/users/XorTroll/repos",
      "events_url": "https://api.github.com/users/XorTroll/events{/privacy}",
      "received_events_url": "https://api.github.com/users/XorTroll/received_events",
      "type": "User",
      "site_admin": false
    },
    "node_id": "RE_kwDOCtJZS84HIncN",
    "tag_name": "1.1.1",
    "target_commitish": "master",
    "name": "1.1.1 - Minor fixes",
    "draft": false,
    "prerelease": false,
    "created_at": "2023-09-02T14:10:07Z",
    "published_at": "2023-09-02T14:18:03Z",
    "assets": [
      {
        "url": "https://api.github.com/repos/XorTroll/emuiibo/releases/assets/124252731",
        "id": 124252731,
        "node_id": "RA_kwDOCtJZS84HZ_I7",
        "name": "emuiibo.zip",
        "label": null,
        "uploader": {
          "login": "XorTroll",
          "id": 33005497,
          "node_id": "MDQ6VXNlcjMzMDA1NDk3",
          "avatar_url": "https://avatars.githubusercontent.com/u/33005497?v=4",
          "gravatar_id": "",
          "url": "https://api.github.com/users/XorTroll",
          "html_url": "https://github.com/XorTroll",
          "followers_url": "https://api.github.com/users/XorTroll/followers",
          "following_url": "https://api.github.com/users/XorTroll/following{/other_user}",
          "gists_url": "https://api.github.com/users/XorTroll/gists{/gist_id}",
          "starred_url": "https://api.github.com/users/XorTroll/starred{/owner}{/repo}",
          "subscriptions_url": "https://api.github.com/users/XorTroll/subscriptions",
          "organizations_url": "https://api.github.com/users/XorTroll/orgs",
          "repos_url": "https://api.github.com/users/XorTroll/repos",
          "events_url": "https://api.github.com/users/XorTroll/events{/privacy}",
          "received_events_url": "https://api.github.com/users/XorTroll/received_events",
          "type": "User",
          "site_admin": false
        },
        "content_type": "application/zip",
        "state": "uploaded",
        "size": 680992,
        "download_count": 13955,
        "created_at": "2023-09-02T14:15:31Z",
        "updated_at": "2023-09-02T14:18:03Z",
        "browser_download_url": "https://github.com/XorTroll/emuiibo/releases/download/1.1.1/emuiibo.zip"
      },
      {
        "url": "https://api.github.com/repos/XorTroll/emuiibo/releases/assets/124252743",
        "id": 124252743,
        "node_id": "RA_kwDOCtJZS84HZ_JH",
        "name": "emuiigen.jar",
        "label": null,
        "uploader": {
          "login": "XorTroll",
          "id": 33005497,
          "node_id": "MDQ6VXNlcjMzMDA1NDk3",
          "avatar_url": "https://avatars.githubusercontent.com/u/33005497?v=4",
          "gravatar_id": "",
          "url": "https://api.github.com/users/XorTroll",
          "html_url": "https://github.com/XorTroll",
          "followers_url": "https://api.github.com/users/XorTroll/followers",
          "following_url": "https://api.github.com/users/XorTroll/following{/other_user}",
          "gists_url": "https://api.github.com/users/XorTroll/gists{/gist_id}",
          "starred_url": "https://api.github.com/users/XorTroll/starred{/owner}{/repo}",
          "subscriptions_url": "https://api.github.com/users/XorTroll/subscriptions",
          "organizations_url": "https://api.github.com/users/XorTroll/orgs",
          "repos_url": "https://api.github.com/users/XorTroll/repos",
          "events_url": "https://api.github.com/users/XorTroll/events{/privacy}",
          "received_events_url": "https://api.github.com/users/XorTroll/received_events",
          "type": "User",
          "site_admin": false
        },
        "content_type": "application/x-java-archive",
        "state": "uploaded",
        "size": 13496747,
        "download_count": 5128,
        "created_at": "2023-09-02T14:15:42Z",
        "updated_at": "2023-09-02T14:15:46Z",
        "browser_download_url": "https://github.com/XorTroll/emuiibo/releases/download/1.1.1/emuiigen.jar"
      }
    ],
    "tarball_url": "https://api.github.com/repos/XorTroll/emuiibo/tarball/1.1.1",
    "zipball_url": "https://api.github.com/repos/XorTroll/emuiibo/zipball/1.1.1",
    "body": "# Changelog\r\n\r\n## emuiigen\r\n\r\n- Dependencies were adjusted to properly support Java 8 as well\r\n\r\n  - A consequence of this is that combo boxes are no longer searchable (for now)\r\n",
    "discussion_url": "https://github.com/XorTroll/emuiibo/discussions/265",
    "reactions": {
      "url": "https://api.github.com/repos/XorTroll/emuiibo/releases/119699213/reactions",
      "total_count": 9,
      "+1": 5,
      "-1": 0,
      "laugh": 0,
      "hooray": 1,
      "confused": 0,
      "heart": 2,
      "rocket": 1,
      "eyes": 0
    }
  }
]
