[
    {
        "name": "34",
        "hex": "220000"
    },
    {
        "name": "32",
        "hex": "200000"
    },
    {
        "name": "30",
        "hex": "1E0000"
    },
    {
        "name": "28",
        "hex": "1C0000"
    },
    {
        "name": "26",
        "hex": "1A0000"
    },
    {
        "name": "24",
        "hex": "180000"
    },
    {
        "name": "22",
        "hex": "160000"
    },
    {
        "name": "20",
        "hex": "140000"
    }
]
