[
  {
    "name": "====== GPU Custom Table ======",
    "state": "filler"
  },
  {
    "name": "",
    "state": "filler"
  },
  {
    "name": "76 MHz",
    "offset": "124",
    "extent": " mV"
  },
  {
    "name": "153 MHz",
    "offset": "128",
    "extent": " mV"
  },
  {
    "name": "230 MHz",
    "offset": "132",
    "extent": " mV"
  },
  {
    "name": "307 MHz",
    "offset": "136",
    "extent": " mV"
  },
  {
    "name": "384 MHz",
    "offset": "140",
    "extent": " mV"
  },
  {
    "name": "460 MHz",
    "offset": "144",
    "extent": " mV"
  },
  {
    "name": "537 MHz",
    "offset": "148",
    "extent": " mV"
  },
  {
    "name": "614 MHz",
    "offset": "152",
    "extent": " mV"
  },
  {
    "name": "691 MHz",
    "offset": "156",
    "extent": " mV"
  },
  {
    "name": "768 MHz",
    "offset": "160",
    "extent": " mV"
  },
  {
    "name": "844 MHz",
    "offset": "164",
    "extent": " mV"
  },
  {
    "name": "921 MHz",
    "offset": "168",
    "extent": " mV"
  },
  {
    "name": "998 MHz",
    "offset": "172",
    "extent": " mV"
  }
]