[
  {
    "name": "========= CPU =========",
    "state": "filler"
  },
  {
    "name": "",
    "state": "filler"
  },
  {
    "name": "UV Level",
    "offset": "12"
  },
  {
    "name": "Low Freq Vmin",
    "offset": "16",
    "extent": " mV"
  },
  {
    "name": "Volt Limit",
    "offset": "20",
    "extent": " mV"
  },
  {
    "name": "Boost Clock",
    "offset": "8",
    "extent": " MHz"
  },
  {
    "name": "",
    "state": "filler"
  },
  {
    "name": "========= GPU =========",
    "state": "filler"
  },
  {
    "name": "",
    "state": "filler"
  },
  {
    "name": "UV Level",
    "offset": "36"
  },
  {
    "name": "Volt Offset",
    "offset": "44",
    "prefix": "-",
    "extent": " mV"
  },
  {
    "name": "Vmin",
    "offset": "48"
  },
  {
    "name": "",
    "state": "filler"
  },
  {
    "name": "========= RAM =========",
    "state": "filler"
  },
  {
    "name": "",
    "state": "filler"
  },
  {
    "name": "Clock Max",
    "offset": "76",
    "extent": " MHz"
  },
  {
    "name": "EMC Vdd2",
    "offset": "68",
    "extent": " mV"
  },
  {
    "name": "EMC DVB Shift",
    "offset": "84"
  },
  {
    "name": "HP Mode",
    "offset": "268"
  },
  {
    "name": "DRAM Timing",
    "offset": "64"
  },
  {
    "name": "Timings",
    "offset": "88,92,96,100,104,108,112,116"
  }
]