{
    "ams": {
        "My OC Bundle": "https://github.com/snupt/Switch-OC-Suite-Bundle/raw/main/MyOCBundle.zip"
    },
    "misc": {
        "OC Suite": "https://github.com/snupt/Switch-OC-Suite-Bundle/raw/main/OCSuite.zip",
        "FPS Locker Mods": "https://github.com/snupt/Switch-OC-Suite-Bundle/raw/main/FPSLockerMods.zip",
        "Zelda TOTK 60FPS Mod": "https://github.com/snupt/Switch-OC-Suite-Bundle/raw/main/TOTK60fps.zip",
        "My Refresh": "https://github.com/snupt/Switch-OC-Suite-Bundle/raw/main/MyAIO.zip"
    }
}