[
  {
    "name": "0 - Default Table",
    "dec": "0"
  },
  {
    "name": "1",
    "dec": "1"
  },
  {
    "name": "2",
    "dec": "2"
  },
  {
    "name": "3",
    "dec": "3"
  },
  {
    "name": "4",
    "dec": "4"
  },
  {
    "name": "5",
    "dec": "5"
  },
  {
    "name": "6",
    "dec": "6"
  },
  {
    "name": "7",
    "dec": "7"
  },
  {
    "name": "8",
    "dec": "8"
  },
  {
    "name": "9",
    "dec": "9"
  },
  {
    "name": "10",
    "dec": "10"
  },
  {
    "name": "11",
    "dec": "11"
  },
  {
    "name": "12",
    "dec": "12"
  }
]