[
  {
    "name": "1100 mV",
    "dec": "1110"
  },
  {
    "name": "1105 mV",
    "dec": "1105"
  },
  {
    "name": "1110 mV",
    "dec": "1110"
  },
  {
    "name": "1115 mV",
    "dec": "1115"
  },
  {
    "name": "1120 mV - System Default",
    "dec": "1120"
  },
  {
    "name": "1125 mV",
    "dec": "1125"
  },
  {
    "name": "1130 mV",
    "dec": "1130"
  },
  {
    "name": "1135 mV",
    "dec": "1135"
  },
  {
    "name": "1140 mV",
    "dec": "1140"
  },
  {
    "name": "1145 mV",
    "dec": "1145"
  },
  {
    "name": "1150 mV",
    "dec": "1150"
  },
  {
    "name": "1155 mV",
    "dec": "1155"
  },
  {
    "name": "1160 mV",
    "dec": "1160"
  }
]