[
  {
    "name": "Unset",
    "dec": "0"
  },
  {
    "name": "700 mV - -150 mV",
    "dec": "700"
  },
  {
    "name": "705 mV - -145 mV",
    "dec": "705"
  },
  {
    "name": "710 mV - -140 mV",
    "dec": "710"
  },
  {
    "name": "715 mV - -135 mV",
    "dec": "715"
  },
  {
    "name": "720 mV - -130 mV",
    "dec": "720"
  },
  {
    "name": "725 mV - -125 mV",
    "dec": "725"
  },
  {
    "name": "730 mV - -120 mV",
    "dec": "730"
  },
  {
    "name": "735 mV - -115 mV",
    "dec": "735"
  },
  {
    "name": "740 mV - -110 mV",
    "dec": "740"
  },
  {
    "name": "745 mV - -105 mV",
    "dec": "745"
  },
  {
    "name": "750 mV - -100 mV",
    "dec": "750"
  },
  {
    "name": "755 mV - -95 mV",
    "dec": "755"
  },
  {
    "name": "760 mV - -90 mV",
    "dec": "760"
  },
  {
    "name": "765 mV - -85 mV",
    "dec": "765"
  },
  {
    "name": "770 mV - -80 mV",
    "dec": "770"
  },
  {
    "name": "775 mV - -75 mV",
    "dec": "775"
  },
  {
    "name": "780 mV - -70 mV",
    "dec": "780"
  },
  {
    "name": "785 mV - -65 mV",
    "dec": "785"
  },
  {
    "name": "790 mV - -60 mV",
    "dec": "790"
  },
  {
    "name": "795 mV - -55 mV",
    "dec": "795"
  },
  {
    "name": "800 mV - -50 mV",
    "dec": "800"
  },
  {
    "name": "805 mV - -45 mV",
    "dec": "805"
  },
  {
    "name": "810 mV - -40 mV",
    "dec": "810"
  },
  {
    "name": "815 mV - -35 mV",
    "dec": "815"
  },
  {
    "name": "820 mV - -30 mV",
    "dec": "820"
  },
  {
    "name": "825 mV - -25 mV",
    "dec": "825"
  },
  {
    "name": "830 mV - -20 mV",
    "dec": "830"
  },
  {
    "name": "835 mV - -15 mV",
    "dec": "835"
  },
  {
    "name": "840 mV - -10 mV",
    "dec": "840"
  },
  {
    "name": "845 mV - -5 mV",
    "dec": "845"
  },
  {
    "name": "850 mV - Default",
    "dec": "850"
  }
]