[
  {
    "name": "Unset",
    "dec": "0"
  },
  {
    "name": "550 mV - -70 mV",
    "dec": "550"
  },
  {
    "name": "555 mV - -65 mV",
    "dec": "555"
  },
  {
    "name": "560 mV - -60 mV",
    "dec": "560"
  },
  {
    "name": "565 mV - -55 mV",
    "dec": "565"
  },
  {
    "name": "570 mV - -50 mV",
    "dec": "570"
  },
  {
    "name": "575 mV - -45 mV",
    "dec": "575"
  },
  {
    "name": "580 mV - -40 mV",
    "dec": "580"
  },
  {
    "name": "585 mV - -35 mV",
    "dec": "585"
  },
  {
    "name": "590 mV - -30 mV",
    "dec": "590"
  },
  {
    "name": "595 mV - -25 mV",
    "dec": "595"
  },
  {
    "name": "600 mV - -20 mV",
    "dec": "600"
  },
  {
    "name": "605 mV - -15 mV",
    "dec": "605"
  },
  {
    "name": "610 mV - -10 mV",
    "dec": "610"
  },
  {
    "name": "615 mV - -5 mV",
    "dec": "615"
  },
  {
    "name": "620 mV - Default",
    "dec": "620"
  },
  {
    "name": "625 mV - +5 mV",
    "dec": "625"
  },
  {
    "name": "630 mV - +10 mV",
    "dec": "630"
  },
  {
    "name": "635 mV - +15 mV",
    "dec": "635"
  },
  {
    "name": "640 mV - +20 mV",
    "dec": "640"
  },
  {
    "name": "645 mV - +25 mV",
    "dec": "645"
  },
  {
    "name": "650 mV - +30 mV",
    "dec": "650"
  }
]