[
    {
        "name": "550 mV",
        "label": "550 mV",
        "hex": "2602"
    },
    {
        "name": "555 mV",
        "label": "555 mV",
        "hex": "2B02"
    },
    {
        "name": "560 mV",
        "label": "560 mV",
        "hex": "3020"
    },
    {
        "name": "565 mV",
        "label": "565 mV",
        "hex": "3502"
    },
    {
        "name": "570 mV",
        "label": "570 mV",
        "hex": "3A02"
    },
    {
        "name": "575 mV",
        "label": "575 mV",
        "hex": "3F02"
    },
    {
        "name": "580 mV",
        "label": "580 mV",
        "hex": "4402"
    },
    {
        "name": "585 mV",
        "label": "585 mV",
        "hex": "4902"
    },
    {
        "name": "590 mV",
        "label": "590 mV",
        "hex": "4E02"
    },
    {
        "name": "595 mV",
        "label": "595 mV",
        "hex": "5302"
    },
    {
        "name": "600 mV",
        "label": "600 mV",
        "hex": "5802"
    },
    {
        "name": "610 mV",
        "label": "610 mV - default",
        "hex": "6202"
    },
    {
        "name": "615 mV",
        "label": "615 mV",
        "hex": "6702"
    },
    {
        "name": "620 mV",
        "label": "620 mV",
        "hex": "6C02"
    },
    {
        "name": "625 mV",
        "label": "625 mV",
        "hex": "7102"
    },
    {
        "name": "630 mV",
        "label": "630 mV",
        "hex": "7602"
    },
    {
        "name": "635 mV",
        "label": "635 mV",
        "hex": "7B02"
    },
    {
        "name": "640 mV",
        "label": "640 mV",
        "hex": "8002"
    },
    {
        "name": "645 mV",
        "label": "645 mV",
        "hex": "8502"
    },
    {
        "name": "650 mV",
        "label": "650 mV",
        "hex": "8A02"
    },
    {
        "name": "655 mV",
        "label": "655 mV",
        "hex": "8F02"
    },
    {
        "name": "660 mV",
        "label": "660 mV",
        "hex": "9402"
    },
    {
        "name": "665 mV",
        "label": "665 mV",
        "hex": "9902"
    },
    {
        "name": "670 mV",
        "label": "670 mV",
        "hex": "9E02"
    },
    {
        "name": "675 mV",
        "label": "675 mV",
        "hex": "A302"
    },
    {
        "name": "680 mV",
        "label": "680 mV",
        "hex": "A802"
    },
    {
        "name": "685 mV",
        "label": "685 mV",
        "hex": "AD02"
    },
    {
        "name": "690 mV",
        "label": "690 mV",
        "hex": "B202"
    },
    {
        "name": "695 mV",
        "label": "695 mV",
        "hex": "B702"
    },
    {
        "name": "700 mV",
        "label": "700 mV",
        "hex": "BC02"
    },
    {
        "name": "705 mV",
        "label": "705 mV",
        "hex": "C102"
    },
    {
        "name": "710 mV",
        "label": "710 mV",
        "hex": "C602"
    },
    {
        "name": "715 mV",
        "label": "715 mV",
        "hex": "CB02"
    },
    {
        "name": "720 mV",
        "label": "720 mV",
        "hex": "D002"
    },
    {
        "name": "725 mV",
        "label": "725 mV",
        "hex": "D502"
    },
    {
        "name": "730 mV",
        "label": "730 mV",
        "hex": "DA02"
    },
    {
        "name": "735 mV",
        "label": "735 mV",
        "hex": "DF02"
    },
    {
        "name": "740 mV",
        "label": "740 mV",
        "hex": "E402"
    },
    {
        "name": "745 mV",
        "label": "745 mV",
        "hex": "E902"
    },
    {
        "name": "750 mV",
        "label": "750 mV",
        "hex": "EE02"
    },
    {
        "name": "755 mV",
        "label": "755 mV",
        "hex": "F302"
    },
    {
        "name": "760 mV",
        "label": "760 mV",
        "hex": "F802"
    },
    {
        "name": "765 mV",
        "label": "765 mV",
        "hex": "FD02"
    },
    {
        "name": "770 mV",
        "label": "770 mV",
        "hex": "0203"
    },
    {
        "name": "775 mV",
        "label": "775 mV",
        "hex": "0703"
    },
    {
        "name": "780 mV",
        "label": "780 mV",
        "hex": "0C03"
    },
    {
        "name": "785 mV",
        "label": "785 mV",
        "hex": "1103"
    },
    {
        "name": "790 mV",
        "label": "790 mV",
        "hex": "1603"
    },
    {
        "name": "795 mV",
        "label": "795 mV",
        "hex": "1B03"
    },
    {
        "name": "800 mV",
        "label": "800 mV",
        "hex": "2003"
    }
]