[
    {
        "name": "1866 MHz",
        "label": "1866 MHz  - JEDEC",
        "hex": "10791C"
    },
    {
        "name": "2133 MHz",
        "label": "2133 MHz  - JEDEC",
        "hex": "088C20"
    },
    {
        "name": "2166 MHz",
        "label": "2166 MHz",
        "hex": "F00C21"
    },
    {
        "name": "2200 MHz",
        "label": "2200 MHz",
        "hex": "C09121"
    },
    {
        "name": "2233 MHz",
        "label": "2233 MHz",
        "hex": "A81222"
    },
    {
        "name": "2266 MHz",
        "label": "2266 MHz",
        "hex": "909322"
    },
    {
        "name": "2300 MHz",
        "label": "2300 MHz",
        "hex": "601823"
    },
    {
        "name": "2333 MHz",
        "label": "2333 MHz",
        "hex": "489923"
    },
    {
        "name": "2366 MHz",
        "label": "2366 MHz",
        "hex": "301A24"
    },
    {
        "name": "2400 MHz",
        "label": "2400 MHz  - JEDEC",
        "hex": "009F24"
    },
    {
        "name": "2433 MHz",
        "label": "2433 MHz",
        "hex": "E81F25"
    },
    {
        "name": "2466 MHz",
        "label": "2466 MHz",
        "hex": "D0A025"
    },
    {
        "name": "2500 MHz",
        "label": "2500 MHz",
        "hex": "A02526"
    },
    {
        "name": "2533 MHz",
        "label": "2533 MHz",
        "hex": "88A626"
    },
    {
        "name": "2566 MHz",
        "label": "2566 MHz",
        "hex": "702727"
    }
]