[
    {
        "name": "1866 MHz",
        "label": "1866 MHz  - JEDEC",
        "hex": "10791C"
    },
    {
        "name": "2133 MHz",
        "label": "2133 MHz  - JEDEC",
        "hex": "088C20"
    },
    {
        "name": "2166 MHz",
        "label": "2166 MHz",
        "hex": "F00C21"
    },
    {
        "name": "2200 MHz",
        "label": "2200 MHz",
        "hex": "C09121"
    },
    {
        "name": "2233 MHz",
        "label": "2233 MHz",
        "hex": "A81222"
    },
    {
        "name": "2266 MHz",
        "label": "2266 MHz",
        "hex": "909322"
    },
    {
        "name": "2300 MHz",
        "label": "2300 MHz",
        "hex": "601823"
    },
    {
        "name": "2333 MHz",
        "label": "2333 MHz",
        "hex": "489923"
    },
    {
        "name": "2366 MHz",
        "label": "2366 MHz",
        "hex": "301A24"
    },
    {
        "name": "2400 MHz",
        "label": "2400 MHz  - JEDEC",
        "hex": "009F24"
    },
    {
        "name": "2433 MHz",
        "label": "2433 MHz",
        "hex": "E81F25"
    },
    {
        "name": "2466 MHz",
        "label": "2466 MHz",
        "hex": "D0A025"
    },
    {
        "name": "2500 MHz",
        "label": "2500 MHz",
        "hex": "A02526"
    },
    {
        "name": "2533 MHz",
        "label": "2533 MHz - unsafe",
        "hex": "88A626"
    },
    {
        "name": "2566 MHz",
        "label": "2566 MHz - unsafe",
        "hex": "702727"
    },
    {
        "name": "2600 MHz",
        "label": "2600 MHz - unsafe",
        "hex": "40AC27"
    },
    {
        "name": "2633 MHz",
        "label": "2633 MHz - unsafe",
        "hex": "282D28"
    },
    {
        "name": "2666 MHz",
        "label": "2666 MHz  - unsafe",
        "hex": "10AE28"
    },
    {
        "name": "2700 MHz",
        "label": "2700 MHz - unsafe",
        "hex": "E03229"
    },
    {
        "name": "2733 MHz",
        "label": "2733 MHz - unsafe",
        "hex": "C8B329"
    },
    {
        "name": "2766 MHz",
        "label": "2766 MHz - unsafe",
        "hex": "B0342A"
    },
    {
        "name": "2800 MHz",
        "label": "2800 MHz - unsafe",
        "hex": "80B92A"
    },
    {
        "name": "2833 MHz",
        "label": "2833 MHz - unsafe",
        "hex": "683A2B"
    },
    {
        "name": "2866 MHz",
        "label": "2866 MHz - unsafe",
        "hex": "50BBB2"
    },
    {
        "name": "2900 MHz",
        "label": "2900 MHz - unsafe",
        "hex": "20402C"
    },
    {
        "name": "2933 MHz",
        "label": "2933 MHz - unsafe",
        "hex": "08C12C"
    },
    {
        "name": "2966 MHz",
        "label": "2966 MHz - unsafe",
        "hex": "F0412D"
    },
    {
        "name": "3000 MHz",
        "label": "3000 MHz - unsafe",
        "hex": "C0C62D"
    }
]