[
    {
        "name": "Do not override",
        "label": "Do not override",
        "hex": "000000"
    },
    {
        "name": "550 uV",
        "label": "550 uV",
        "hex": "706408"
    },
    {
        "name": "560 uV",
        "label": "560 uV",
        "hex": "808B08"
    },
    {
        "name": "570 uV",
        "label": "570 uV",
        "hex": "90B208"
    },
    {
        "name": "580 uV",
        "label": "580 uV",
        "hex": "A0D908"
    },
    {
        "name": "590 uV",
        "label": "590 uV",
        "hex": "B00009"
    },
    {
        "name": "600 uV",
        "label": "600 uV - Default",
        "hex": "C02709"
    },
    {
        "name": "610 uV",
        "label": "610 uV",
        "hex": "D04E09"
    },
    {
        "name": "620 uV",
        "label": "620 uV",
        "hex": "E07509"
    },
    {
        "name": "630 uV",
        "label": "630 uV",
        "hex": "F09C09"
    },
    {
        "name": "640 uV",
        "label": "640 uV",
        "hex": "00C409"
    },
    {
        "name": "650 uV",
        "label": "650 uV",
        "hex": "10EB09"
    }
]
